room,bathroom,kitchen,french_door,backyard,furnished,green_paint,solar_power,woodfloor,qlm_security,club_access,price
3,1,2,1,1,0,1,0,0,1,1,6835
5,2,2,2,1,0,0,0,0,1,1,9005
5,2,2,2,1,0,0,0,0,1,1,9005
1,2,1,2,0,0,0,0,1,1,0,5105
2,1,2,3,1,1,0,0,1,1,0,9105
5,1,2,1,0,0,1,0,1,0,0,8995
3,1,1,3,1,0,0,1,0,0,0,6805
1,1,1,1,0,0,0,1,0,1,1,4935
5,1,1,2,0,0,0,1,1,0,0,9895
3,1,1,2,0,0,0,0,1,0,0,6365
4,1,1,2,0,1,0,1,1,0,1,11625
5,1,1,2,1,0,1,1,1,0,0,10825
2,1,2,1,1,0,1,0,0,0,0,4665
5,1,2,2,1,1,0,0,0,1,1,10705
5,2,2,2,1,0,0,1,1,0,1,11985
1,1,2,2,0,0,0,1,1,0,1,7125
5,1,2,3,0,0,0,1,1,0,1,11365
5,2,1,2,0,1,0,1,0,1,0,10745
1,2,2,2,1,0,0,1,1,0,0,7255
4,2,1,2,1,0,0,0,1,0,0,8225
2,2,2,2,1,1,1,1,0,1,0,9175
1,2,2,3,1,1,0,0,1,0,1,8695
4,2,1,1,0,0,1,0,1,1,0,8235
5,2,1,1,1,0,1,0,0,0,0,7465
2,2,2,2,1,1,1,1,0,0,0,8735
3,1,2,1,0,1,0,1,0,1,0,8705
2,1,2,2,1,0,0,0,1,0,1,7155
5,2,2,3,1,0,1,0,0,0,0,8445
2,2,1,1,1,0,1,1,1,1,1,9055
3,1,2,3,0,1,0,0,1,0,1,9835
2,2,1,2,1,0,1,1,1,1,0,8565
4,2,2,3,1,1,0,1,1,0,1,13225
1,2,1,1,0,1,0,1,0,0,0,6065
2,2,1,3,1,0,0,1,0,1,0,6545
4,1,1,3,1,0,1,0,0,0,1,7375
4,2,2,1,0,0,1,0,1,0,1,9025
4,1,1,1,0,1,0,1,0,0,0,8765
5,2,1,1,0,1,1,1,0,0,1,11165
1,1,2,1,0,0,0,1,1,1,1,7325
3,1,2,2,0,0,0,0,0,1,0,5415
3,2,2,2,0,1,0,0,1,1,0,9605
3,2,2,3,1,1,0,0,1,1,0,10405
3,2,1,2,1,1,0,1,0,0,0,8865
1,2,2,3,1,1,1,1,0,1,0,8415
2,2,1,3,0,0,0,1,1,1,1,8605
3,1,2,1,0,1,1,0,1,1,1,10165
3,1,2,1,0,0,1,0,0,0,0,5105
5,1,1,3,0,0,0,1,1,1,0,10575
4,1,2,3,1,1,0,0,0,1,1,9945
1,1,2,3,0,1,1,0,0,0,1,6315
4,1,2,3,0,1,0,1,1,1,1,12805
5,1,2,1,1,0,0,1,1,1,0,11155
2,2,1,1,0,1,0,0,1,0,1,8155
2,1,2,3,1,1,0,1,0,0,1,9035
3,1,1,3,0,1,0,1,1,1,1,11305
1,2,1,2,1,0,1,0,1,0,0,5595
2,2,2,3,1,1,0,0,0,1,1,8245
3,1,2,3,0,0,0,0,0,0,0,5215
4,1,2,1,1,0,1,0,0,1,1,7835
2,1,2,1,0,0,0,0,1,1,1,6795
3,1,2,1,0,0,0,1,1,0,1,8885
4,1,2,3,1,0,0,1,0,0,0,8305
4,2,1,2,1,1,1,0,1,1,0,11035
1,2,1,2,0,0,1,1,0,0,1,5405
1,2,1,3,0,1,0,1,1,1,0,8875
5,2,2,2,1,0,0,0,1,1,0,10165
5,1,2,3,0,0,1,1,1,0,1,11735
3,1,1,3,1,0,1,1,1,1,0,9505
2,2,2,1,1,0,0,0,1,1,0,6925
1,1,1,2,0,1,0,0,1,1,1,7535
1,2,1,1,0,0,0,1,0,0,1,4795
2,2,1,1,1,0,0,1,0,1,0,6065
3,1,1,3,1,0,1,0,0,0,0,5645
4,1,2,1,1,1,1,1,1,0,1,12815
4,2,2,1,0,1,0,1,0,1,0,10005
5,1,2,3,0,0,1,0,0,1,0,8025
4,2,1,3,0,0,1,0,1,0,0,8275
5,1,2,1,1,0,0,1,1,0,0,10715
5,1,1,2,1,1,1,1,1,1,1,13995
3,2,1,3,1,0,0,1,0,1,1,8275
1,2,2,1,0,0,0,0,1,0,1,5655
1,2,1,1,0,0,0,0,0,1,0,2975
2,2,2,1,0,0,0,1,0,1,0,6005
5,1,1,1,0,0,0,1,1,1,0,10095
5,2,2,1,1,0,0,1,0,0,1,9855
4,2,2,2,1,0,0,1,0,0,0,8365
1,1,1,1,0,0,1,0,1,1,1,5665
5,2,2,1,0,0,0,0,1,1,0,9365
5,1,2,3,1,0,0,0,0,1,1,8945
2,2,1,3,1,0,1,1,1,0,0,8365
2,1,2,2,0,0,0,1,0,1,0,5945
1,2,1,1,0,1,1,1,0,1,0,6875
5,2,2,3,1,1,0,0,0,1,0,10515
3,1,2,1,0,1,0,1,0,0,0,8265
3,2,2,2,0,1,1,0,1,0,1,10265
2,1,2,3,0,0,0,0,0,0,1,4945
1,1,1,1,1,1,1,1,0,1,0,7135
1,2,2,2,0,1,1,0,0,0,1,6375
3,1,2,2,0,1,1,0,1,0,0,9235
1,2,1,1,1,1,0,0,0,0,0,5095
5,1,1,1,0,0,0,0,1,0,1,8855
2,1,1,3,1,0,0,1,1,1,1,8865
4,2,2,3,1,1,1,0,1,1,1,12505
5,2,2,1,1,1,0,0,0,0,0,9595
5,2,1,3,0,1,1,0,1,0,1,12005
3,1,1,3,0,0,1,0,1,0,0,6975
2,1,2,3,1,0,1,0,1,0,0,7035
4,1,2,3,0,1,1,1,1,1,0,12445
5,1,1,2,0,0,1,1,0,0,1,9105
5,2,2,3,0,0,1,0,1,1,0,10215
1,1,2,1,1,1,0,1,1,1,0,9155
2,2,2,3,0,0,0,0,1,1,0,6845
5,2,1,1,0,0,0,1,0,0,1,8795
2,1,1,2,1,0,1,0,0,1,0,4845
5,1,2,2,1,0,1,1,0,0,0,9435
2,2,1,2,0,0,1,0,0,1,1,5315
5,1,1,3,1,1,1,0,1,0,1,12265
1,2,2,1,0,1,1,1,0,0,0,6935
3,1,1,3,1,0,0,0,1,1,1,8335
2,1,2,3,0,1,1,1,0,0,1,8845
3,1,2,3,1,0,1,0,1,0,1,8765
1,1,1,3,1,1,0,0,0,0,0,5275
5,2,2,2,1,1,1,1,1,1,1,14795
3,1,1,1,1,1,0,0,1,1,0,9125
5,2,2,1,0,0,1,0,0,0,1,8135
4,1,2,3,1,1,0,1,1,0,1,12925
2,1,2,2,0,1,0,0,1,0,0,7865
5,2,2,1,0,1,0,0,1,1,0,11365
5,1,2,3,1,1,0,0,0,0,0,9775
5,1,2,3,1,1,1,1,1,0,1,14295
4,2,2,1,0,1,0,1,0,1,1,10735
4,2,1,3,0,1,1,0,1,1,0,10715
2,1,1,2,1,0,0,1,1,1,0,7895
1,1,2,3,0,1,1,0,1,1,1,8645
2,1,1,3,1,0,1,1,1,0,0,8065
4,2,2,3,1,0,1,1,0,0,1,9705
4,1,1,1,1,0,0,1,0,0,0,7325
5,2,2,2,0,0,0,0,1,0,0,9165
4,2,1,3,0,0,0,1,1,1,0,9875
1,1,2,3,0,1,1,0,0,0,0,5585
1,1,1,2,0,0,0,1,1,0,1,6625
5,2,1,2,0,1,0,0,0,1,1,9945
2,2,1,3,1,0,1,0,0,1,0,5385
4,2,1,2,1,0,1,0,1,0,0,8595
5,2,1,2,0,0,1,1,1,1,1,11735
4,1,2,2,0,1,0,0,0,0,1,8705
3,1,1,2,1,1,1,0,1,1,1,10465
3,2,1,2,1,1,0,1,1,0,0,10755
4,1,2,2,0,0,1,1,1,1,0,10205
2,1,2,2,0,0,1,0,1,0,0,6235
1,2,1,2,1,1,1,1,0,0,1,7965
4,2,1,3,1,0,1,1,1,1,1,11535
1,1,2,2,0,0,1,1,1,1,0,7205
1,2,1,1,0,0,0,1,1,0,1,6685
3,2,2,2,1,0,0,0,1,0,1,8455
2,1,1,3,0,1,1,0,1,0,0,7975
5,1,2,2,0,0,0,1,1,1,0,10835
3,2,2,2,0,1,1,0,1,0,0,9535
2,1,2,1,1,1,1,1,1,0,1,10815
1,2,2,2,1,0,1,1,0,0,0,5735
2,2,2,1,1,0,0,1,1,0,0,8015
3,2,2,2,0,0,0,0,1,0,0,7165
2,2,1,2,1,0,0,1,1,1,0,8195
1,2,2,3,1,1,0,0,0,1,0,6515
2,1,2,1,1,1,1,0,0,0,1,7395
5,2,1,2,1,1,1,1,0,1,0,11675
3,2,1,1,0,1,0,1,0,1,0,8505
1,1,2,1,0,1,0,1,1,1,1,9325
3,1,1,3,0,1,0,0,1,0,1,9335
1,2,2,2,0,1,1,1,0,0,1,7905
4,2,1,2,0,1,0,1,0,0,1,10035
5,1,1,1,1,0,0,1,1,1,0,10655
3,1,2,3,0,0,0,1,1,0,1,9365
2,1,1,2,1,0,1,0,0,0,1,5135
5,2,2,1,0,0,0,0,0,0,1,7765
3,2,2,3,0,1,0,0,1,0,0,9405
3,1,2,3,1,1,0,1,1,0,0,11195
4,1,1,2,1,0,0,0,1,0,1,8655
2,2,1,2,1,1,1,0,0,0,0,6705
1,2,1,3,0,1,1,1,1,0,0,8805
3,1,1,3,0,1,0,1,0,1,1,9415
1,2,1,3,0,0,1,1,1,0,1,7535
5,2,2,1,1,0,0,0,0,0,1,8325
4,1,1,3,0,1,0,1,0,0,0,9245
3,1,2,3,1,0,0,1,1,1,1,10365
4,2,2,1,1,0,0,0,1,1,1,9655
3,2,1,1,0,1,0,0,0,0,1,7265
4,2,1,3,0,1,1,0,0,1,1,9555
4,2,2,2,1,0,0,0,1,0,1,9455
1,1,2,2,0,1,0,1,0,0,0,6505
2,1,2,2,1,1,1,1,1,0,1,11055
2,2,1,3,1,1,0,0,1,0,0,8465
2,1,2,1,1,1,0,0,0,1,1,7465
1,1,2,3,0,1,0,1,0,1,1,7915
4,2,2,1,1,0,1,1,0,0,1,9225
3,1,1,3,1,1,0,0,0,0,1,8005
2,2,2,2,0,1,1,1,0,0,0,8175
4,2,1,2,0,0,1,0,1,1,0,8475
5,1,2,2,0,0,0,0,0,0,0,6975
5,2,2,3,1,1,1,0,0,1,0,10885
3,2,1,3,1,1,1,1,1,0,0,11365
3,1,2,1,0,1,0,1,1,1,1,11325
2,2,2,3,0,0,0,1,0,1,0,6485
5,1,2,2,1,0,1,0,0,1,1,9075
1,2,2,1,0,0,1,1,0,1,1,6105
1,1,2,3,1,1,1,0,1,0,0,8035
1,1,1,3,1,1,0,0,0,0,1,6005
5,2,2,2,0,1,0,1,0,1,1,11975
4,1,2,3,0,0,0,0,1,0,0,8105
2,2,1,3,0,1,1,0,1,0,0,8275
5,1,2,1,1,0,0,0,0,1,0,7735
3,1,2,3,1,1,0,1,1,1,1,12365
5,2,2,3,0,0,0,1,0,1,1,10215
2,2,1,1,0,0,1,1,0,0,0,5435
5,2,2,1,1,1,1,1,1,0,0,13385
2,2,2,2,0,1,0,0,1,0,1,8895
5,2,1,1,1,0,1,0,1,1,1,10525
1,2,2,2,1,0,0,1,0,0,0,5365
1,1,2,2,0,1,1,1,1,0,0,8765
3,1,2,2,1,1,1,1,1,1,1,12495
1,1,2,1,0,1,1,1,1,1,1,9695
5,2,1,1,1,1,1,0,0,0,0,9465
3,2,1,3,0,1,0,1,1,0,0,10435
5,2,1,3,0,0,0,0,0,1,1,8185
3,1,1,3,1,0,0,1,1,1,0,9135
5,2,2,3,1,1,0,1,0,1,1,12775
5,2,2,2,1,0,0,1,1,1,0,11695
4,1,1,2,0,0,0,1,0,0,0,7005
4,1,1,3,0,0,1,1,0,1,0,8055
2,2,2,3,1,0,0,1,1,0,0,8495
4,1,2,2,0,0,0,1,1,1,1,10565
3,1,2,2,1,0,1,0,1,1,0,8235
2,1,1,3,1,1,0,1,1,1,0,10135
2,2,2,2,0,0,0,1,0,0,1,6535
2,1,2,1,1,1,0,0,1,1,0,8625
5,2,2,1,1,0,0,0,0,0,0,7595
3,1,2,1,1,0,1,0,1,1,0,7995
3,1,1,1,0,1,1,1,0,1,0,8575
3,1,1,3,0,1,0,1,0,0,1,8975
1,1,1,1,1,0,0,0,0,0,1,3525
4,1,1,3,0,0,0,1,1,1,0,9575
5,1,2,2,1,0,0,1,1,0,1,11685
3,1,1,3,1,0,1,1,0,1,0,7615
1,1,1,1,1,0,1,1,0,0,1,5425
5,1,2,1,1,0,0,0,0,0,1,8025
4,2,1,3,0,0,0,1,0,0,1,8275
3,2,1,1,0,1,1,1,1,0,1,11055
3,2,2,3,1,1,0,1,0,1,1,10775
3,2,2,2,0,0,0,0,1,0,1,7895
1,2,1,3,0,1,1,0,0,0,1,6115
5,1,1,1,0,0,0,1,1,0,0,9655
1,2,2,3,1,0,0,0,1,0,0,5965
1,1,2,3,1,0,0,1,0,0,1,6035
4,1,1,1,1,1,0,1,1,0,1,11945
4,1,2,1,1,0,1,1,1,1,0,10525
2,2,2,1,0,1,1,1,0,1,0,8375
5,1,1,1,1,1,0,0,1,1,0,11125
2,2,2,2,1,0,0,0,0,0,1,5565
2,2,2,2,0,1,0,0,1,1,1,9335
4,2,1,1,0,0,1,1,0,1,1,8605
4,1,1,1,0,1,1,0,0,0,1,8335
1,1,1,2,1,1,1,0,0,1,0,5845
2,2,2,3,0,0,1,1,0,1,0,6855
1,1,2,2,1,1,0,0,0,1,1,6705
1,1,1,1,1,1,0,0,0,1,0,5235
4,2,2,3,1,0,1,1,0,0,0,8975
3,1,1,2,1,0,0,0,0,0,0,5035
2,2,1,1,0,1,0,0,1,1,1,8595
3,2,1,1,0,0,1,0,1,1,0,7235
3,1,2,1,0,0,1,1,1,0,0,8525
4,2,2,1,0,1,0,1,1,0,0,11455
2,1,2,1,1,0,0,0,1,0,1,6915
5,1,2,2,0,0,1,1,1,0,1,11495
4,2,1,1,1,0,0,0,1,1,0,8425
2,1,1,1,0,0,0,1,1,1,0,7095
4,1,1,3,1,0,1,0,1,0,0,8535
5,1,2,2,1,0,1,0,0,0,0,7905
4,2,1,3,0,1,1,0,0,1,0,8825
3,2,2,2,0,1,1,0,1,0,1,10265
1,1,2,2,0,0,0,1,0,0,1,5235
2,2,2,3,1,1,1,0,0,0,0,7445
5,2,1,1,0,0,1,0,0,1,0,7345
1,2,2,1,1,1,1,1,0,0,1,8225
2,2,2,2,0,0,0,0,0,0,1,5005
5,2,1,2,0,1,1,1,0,0,1,11405
4,2,1,2,0,1,1,1,0,1,1,10845
1,2,1,3,1,0,0,0,0,0,0,3575
4,1,1,2,0,0,1,1,1,1,0,9705
2,2,2,1,1,1,1,1,0,1,1,9665
1,1,2,1,0,1,1,0,0,0,1,5835
1,2,2,2,0,1,1,1,1,0,1,9795
4,1,1,1,1,0,0,0,1,1,1,8855
4,2,1,1,1,1,1,0,1,1,0,10795
2,2,1,3,0,1,1,1,1,0,0,9805
1,1,1,3,0,1,0,0,1,0,1,7335
4,1,2,1,0,0,1,1,0,0,0,7635
1,1,1,3,0,0,1,1,1,1,0,6945
1,2,2,1,1,1,1,0,1,0,0,7855
1,1,1,2,1,1,1,0,0,0,0,5405
1,1,1,2,0,1,0,1,1,1,1,9065
2,1,2,2,0,1,1,0,1,1,1,9405
3,2,1,3,0,1,0,1,1,1,0,10875
5,2,1,2,0,1,0,0,0,0,1,9505
5,1,1,1,0,1,1,0,1,1,1,11665
2,1,1,3,0,1,1,1,1,0,0,9505
4,2,2,2,0,1,1,0,0,0,0,8645
5,2,1,3,0,0,0,1,1,1,0,10875
2,2,2,3,0,1,1,1,0,0,0,8415
5,2,2,2,1,0,0,1,1,0,1,11985
3,1,2,3,0,0,1,0,1,1,0,7915
3,1,1,1,0,1,0,1,0,1,0,8205
2,2,2,3,0,1,0,0,1,0,1,9135
2,1,2,3,1,1,1,1,1,0,0,10565
1,2,2,2,1,0,1,0,1,0,1,6825
5,1,2,2,0,0,0,1,0,1,0,8945
2,2,2,3,0,0,1,0,1,1,1,7945
2,2,1,3,0,1,0,1,0,0,0,7545
3,1,2,3,1,0,0,0,1,0,0,7665
3,1,2,1,0,0,0,0,0,0,1,5465
4,1,2,3,0,0,1,0,1,0,1,9205
3,2,2,2,0,1,1,0,1,0,0,9535
1,1,2,2,1,0,0,1,0,1,1,6235
1,2,1,2,1,0,0,1,1,0,0,6755
3,1,1,3,1,1,1,0,0,1,1,8815
3,1,1,1,1,0,0,0,1,0,0,6685
4,2,2,2,1,0,0,0,0,0,0,6835
4,2,1,1,0,0,0,1,1,1,0,9395
1,2,2,3,0,1,0,0,1,0,0,7405
5,2,1,2,0,1,0,1,0,1,1,11475
1,2,2,3,1,0,1,1,0,1,0,6415
1,2,1,1,1,0,1,1,1,1,0,7325
1,2,2,2,1,1,1,0,1,1,0,8535
4,1,1,3,0,1,1,0,0,0,1,8815
4,1,1,2,1,0,1,0,0,0,1,7135
5,2,1,3,1,0,1,0,0,1,0,8385
2,1,1,1,1,0,0,1,1,1,1,8385
1,1,2,3,0,1,1,1,1,1,0,9445
2,2,1,1,1,1,0,0,1,0,1,8715
3,2,2,3,1,0,1,1,0,1,0,8415
1,1,1,3,1,1,0,1,0,0,0,6805
1,2,1,2,0,0,0,1,0,0,0,4305
5,1,1,2,0,1,0,1,0,1,1,11175
5,1,2,3,0,0,0,0,1,1,0,9545
3,1,2,2,0,1,0,0,1,0,1,9595
3,2,1,2,0,0,1,1,1,1,1,9735
1,2,1,1,1,1,0,1,1,1,1,9685
3,1,2,2,1,1,0,0,1,0,1,10155
1,1,2,2,0,0,1,0,0,0,1,4075
3,2,2,1,1,0,0,0,0,1,0,6035
1,2,1,2,0,0,0,0,1,1,0,5105
3,1,1,1,0,1,0,0,0,1,1,7405
4,1,1,3,1,1,1,1,0,1,0,10615
4,2,2,2,0,0,1,1,1,0,1,10795
4,1,2,3,1,0,1,1,0,1,1,9845
4,2,1,2,1,0,1,1,0,1,1,9405
5,2,2,2,1,1,1,0,0,1,1,11375
5,1,2,2,1,0,1,0,0,1,1,9075
5,1,1,1,0,1,1,1,0,1,1,11305
5,1,2,3,0,0,0,0,1,1,0,9545
5,2,2,2,0,1,0,1,1,0,0,12695
3,1,2,3,0,1,0,1,0,0,1,9475
4,1,2,3,0,0,1,1,1,1,1,11175
5,2,1,2,1,0,1,1,1,0,1,11855
2,1,2,3,0,0,0,0,1,0,1,6835
5,1,2,2,0,0,0,0,0,0,0,6975
3,2,1,3,1,1,1,0,1,0,0,9835
2,1,2,3,0,1,0,0,0,0,0,6215
5,1,2,3,1,0,0,1,1,0,1,11925
4,2,1,3,1,1,0,1,0,0,1,10835
4,1,1,2,0,0,1,1,1,1,0,9705
2,1,2,3,1,0,0,1,0,1,1,7475
2,1,2,2,0,0,0,1,0,1,1,6675
3,2,2,1,0,1,0,0,1,1,0,9365
5,2,2,1,1,1,0,0,1,0,1,12215
4,2,1,3,0,1,0,1,0,1,0,9985
3,1,2,1,0,0,1,1,0,0,0,6635
2,1,2,3,1,0,0,0,0,1,1,5945
5,1,2,2,0,0,1,0,0,0,0,7345
1,2,1,3,1,0,0,1,1,0,0,6995
1,2,1,2,0,0,1,1,1,0,1,7295
2,2,2,3,1,1,0,0,0,1,1,8245
2,1,2,1,1,0,0,0,0,1,1,5465
5,1,2,3,0,0,0,1,0,0,1,9475
3,1,2,3,1,0,1,1,1,0,1,10295
3,2,1,1,1,1,0,1,0,0,0,8625
5,1,1,1,0,1,1,0,1,0,1,11225
2,2,2,1,1,0,1,1,0,0,0,6495
1,1,2,1,0,1,0,1,0,0,0,6265
3,2,1,3,0,1,0,0,0,0,1,7745
5,2,1,2,1,0,0,1,1,0,1,11485
4,2,1,1,0,0,1,0,0,1,0,6345
2,1,1,1,1,1,0,0,0,0,0,5795
2,2,2,2,1,1,1,0,0,0,1,7935
4,2,1,1,1,1,1,0,1,1,1,11525
1,1,2,2,0,1,1,0,0,1,1,6515
3,1,2,1,1,0,0,1,0,0,1,7555
5,1,1,3,0,0,1,0,0,0,0,7085
3,2,1,3,0,1,0,0,0,0,0,7015
5,1,2,3,1,0,0,1,1,1,1,12365
1,1,1,1,0,1,1,0,1,0,0,6495
5,2,1,2,0,1,1,0,0,1,0,9585
4,1,1,3,0,0,0,1,1,1,1,10305
2,2,2,3,1,1,1,0,1,1,0,9775
4,2,1,2,1,1,1,1,0,0,1,10965
3,1,2,1,1,0,1,0,1,1,0,7995
3,1,2,3,0,0,0,0,1,1,1,8275
3,1,2,1,0,1,0,0,1,0,0,8625
1,1,1,3,1,1,0,0,1,0,1,7895
4,2,2,3,1,1,1,0,1,0,0,11335
1,1,2,2,1,0,1,0,1,1,0,6235
1,1,1,2,1,1,0,0,1,0,0,6925
1,2,1,3,1,1,1,0,1,1,0,8275
1,2,1,1,0,1,0,0,0,1,1,5705
4,1,2,1,0,1,1,0,0,1,0,8545
4,1,1,2,1,1,0,0,0,0,0,8035
3,2,1,2,0,0,1,0,0,1,1,6315
2,2,2,2,0,1,1,1,0,0,1,8905
3,2,2,3,0,0,0,0,1,1,0,7845
1,1,1,1,0,1,1,0,0,1,0,5045
2,2,1,2,1,1,0,0,0,1,0,6775
2,2,1,1,1,0,1,1,1,0,0,7885
3,2,1,3,1,0,1,1,1,1,1,10535
5,1,1,2,0,0,1,0,0,1,1,8015
1,2,1,1,0,0,1,1,0,1,0,4875
4,1,1,3,1,1,0,0,0,0,0,8275
2,2,2,2,0,1,0,1,1,1,0,10135
1,1,1,2,0,1,1,0,1,0,0,6735
2,2,2,3,0,0,1,1,1,0,1,9035
2,1,1,1,1,1,0,1,1,1,0,9655
3,1,1,3,0,0,0,1,0,1,0,6685
4,2,1,3,1,1,1,1,0,1,1,11645
5,2,2,2,0,0,0,1,0,1,0,9245
2,1,2,3,0,0,0,0,0,1,1,5385
2,1,1,1,0,1,1,0,1,1,0,7935
3,1,1,3,1,0,0,0,0,1,1,6445
2,2,2,1,1,0,1,1,0,0,1,7225
1,2,1,2,0,1,1,1,0,1,1,7845
1,1,1,2,1,0,0,1,1,0,1,7185
5,1,2,3,0,1,0,0,0,0,1,9945
1,1,2,1,0,0,1,1,0,0,0,4635
2,2,2,1,1,0,0,0,0,1,1,5765
3,2,1,3,0,1,0,0,1,0,1,9635
4,2,1,1,1,0,0,0,1,0,0,7985
5,2,1,2,1,1,1,0,0,1,0,10145
2,2,1,2,1,1,1,0,1,0,1,9325
1,2,1,3,1,0,1,1,1,1,0,7805
4,2,1,3,0,1,0,0,1,0,0,9905
2,2,1,2,0,1,1,0,0,0,1,6875
1,1,1,1,0,0,1,0,0,1,0,3045
4,1,1,3,0,1,1,1,1,0,0,11505
2,2,1,3,0,1,1,0,0,1,1,7555
1,2,2,3,1,1,1,0,1,0,0,8335
3,2,1,1,0,1,0,1,1,0,1,10685
1,1,2,2,0,0,0,0,0,0,1,3705
3,1,1,3,0,1,1,0,1,0,1,9705
4,1,2,1,1,1,1,0,1,0,0,10555
4,2,1,1,1,1,0,0,1,0,0,9985
3,1,1,2,0,1,0,0,0,0,1,7205
4,1,2,1,1,0,1,0,0,0,1,7395
2,2,2,2,0,1,0,1,0,1,0,8245
3,1,2,3,1,0,1,0,1,0,1,8765
4,1,1,2,1,0,1,1,1,1,0,10265
5,1,1,1,1,0,0,0,1,1,0,9125
4,1,2,1,0,0,1,1,0,0,1,8365
2,2,1,2,0,0,1,0,1,0,1,6765
5,2,1,3,1,0,0,1,0,0,0,9105
2,2,2,2,1,1,1,0,0,0,0,7205
4,1,1,2,1,1,0,1,1,0,0,11455
4,2,2,1,0,1,0,0,1,1,1,11095
1,1,2,2,1,0,0,1,0,1,0,5505
1,1,2,1,1,1,1,1,0,0,1,7925
3,1,1,2,0,1,1,1,1,1,0,10705
5,1,1,1,1,0,0,1,1,0,1,10945
5,1,2,3,1,1,0,0,0,0,0,9775
4,1,2,2,0,0,0,1,0,1,0,7945
4,1,1,2,0,1,1,1,1,0,1,11995
4,1,2,2,0,0,0,1,0,1,0,7945
3,2,1,1,0,1,1,0,1,1,1,9965
1,2,1,3,1,1,0,0,1,0,0,7465
5,1,2,1,0,0,1,1,1,0,1,11255
3,1,2,2,0,1,1,1,0,0,0,8875
4,1,2,2,0,1,0,0,1,1,1,11035
2,1,1,3,1,0,0,1,0,1,0,6245
2,1,1,3,1,0,1,1,1,1,0,8505
2,2,1,3,1,0,0,1,0,1,1,7275
2,2,2,2,0,1,1,1,0,1,0,8615
3,2,1,3,0,0,0,0,1,0,1,7635
4,1,1,1,0,0,1,1,1,0,0,9025
5,1,1,2,1,0,0,1,0,1,1,9735
5,1,1,1,0,1,1,1,0,0,1,10865
4,1,2,1,1,1,1,0,1,1,0,10995
2,1,1,2,0,1,0,0,1,0,0,7365
3,1,1,1,0,0,0,0,0,1,0,4675
5,2,1,1,1,0,0,0,1,1,0,9425
4,1,1,3,1,1,0,0,1,1,1,11335
2,2,1,3,0,1,0,0,1,1,1,9075
4,1,1,3,0,1,0,0,0,0,1,8445
2,1,2,1,1,0,1,1,1,1,1,9255
4,1,2,1,0,1,0,0,0,0,0,7735
4,2,2,3,1,1,1,0,1,0,0,11335
5,2,1,1,0,1,1,0,0,1,1,10075
2,1,2,1,1,1,0,0,1,0,0,8185
5,1,2,3,1,1,0,0,1,1,1,12835
5,2,2,1,1,0,0,1,1,1,1,12185
2,1,1,2,0,1,1,0,1,0,0,7735
1,1,2,2,0,1,0,1,1,1,0,8835
2,1,2,3,1,1,0,0,0,1,0,7215
5,1,1,2,1,0,0,0,0,0,0,7035
4,1,2,3,1,1,0,0,1,0,0,10665
3,2,1,1,0,1,1,1,1,1,1,11495
2,1,1,1,1,1,0,1,1,1,1,10385
1,2,1,2,1,0,1,1,1,0,1,7855
5,2,1,3,1,1,1,1,0,1,0,11915
5,2,2,2,1,1,0,0,0,0,0,9835
4,2,2,3,1,0,0,0,0,0,0,7075
1,2,2,3,0,0,0,1,0,1,0,5485
5,2,1,3,1,1,0,1,0,0,0,11105
2,2,1,2,0,1,0,1,1,1,1,10365
1,1,1,2,0,1,0,0,1,1,1,7535
3,2,2,1,0,0,0,1,0,1,1,7735
2,2,2,2,0,1,1,0,1,1,1,9705
5,2,1,3,1,0,0,1,0,0,0,9105
3,1,2,1,0,0,0,1,1,0,1,8885
4,2,1,1,0,0,1,0,1,1,1,8965
3,1,2,1,0,1,1,0,0,1,1,8275
3,1,2,3,1,0,1,0,0,1,1,7315
2,1,2,2,1,1,1,0,1,0,0,8795
4,2,1,2,1,1,0,0,1,0,0,10225
5,1,1,2,1,0,0,0,0,0,1,7765
1,2,1,3,1,0,0,0,1,0,1,6195
5,1,2,2,0,0,0,1,0,0,1,9235
4,1,2,3,0,1,0,1,1,0,0,11635
5,2,2,2,0,0,1,1,0,1,0,9615
5,1,2,1,0,0,0,0,1,1,1,9795
4,2,2,1,0,0,1,0,1,1,1,9465
2,1,2,1,0,1,0,1,0,1,0,7705
5,1,2,2,1,0,1,0,1,1,0,10235
1,2,1,1,0,0,0,1,0,0,1,4795
3,2,2,3,1,0,0,0,0,0,1,6805
2,2,2,1,1,0,0,0,0,0,0,4595
1,1,2,1,1,1,0,0,1,1,0,7625
3,2,2,1,0,1,1,0,0,1,1,8575
2,2,2,2,0,0,1,1,1,1,0,8505
3,1,1,1,0,1,0,0,1,0,0,8125
2,2,1,1,0,0,0,0,1,0,1,6155
1,1,2,2,0,0,1,1,0,0,0,4875
4,1,1,1,0,1,1,0,1,0,0,9495
4,2,2,3,0,1,1,0,1,1,1,11945
2,2,1,2,0,0,1,0,0,1,0,4585
5,2,2,2,0,0,0,0,1,1,1,10335
2,2,1,1,0,1,0,1,0,0,0,7065
5,2,2,2,0,0,1,1,1,0,1,11795
5,1,2,2,0,0,1,0,0,0,0,7345
2,1,2,3,0,0,0,0,0,1,1,5385
1,2,1,1,0,1,0,1,1,1,1,9125
3,1,2,1,1,1,1,1,0,1,1,10365
1,1,1,1,0,0,0,1,1,0,0,5655
3,1,2,2,0,1,0,1,0,0,0,8505
3,1,2,3,0,0,0,1,0,0,1,7475
3,2,2,2,0,1,0,1,0,0,1,9535
4,2,1,3,0,0,0,0,0,0,0,6015
4,2,1,2,0,1,0,1,0,0,1,10035
2,1,2,1,0,1,1,1,0,1,0,8075
5,2,1,3,1,1,1,0,0,1,1,11115
2,2,2,1,0,1,1,0,1,0,0,8295
2,1,2,1,0,1,1,0,1,0,0,7995
4,2,1,2,1,0,0,1,1,1,1,10925
3,2,1,2,1,0,0,0,0,0,1,6065
1,2,1,2,1,0,1,0,0,1,1,4875
2,1,1,1,1,1,1,0,1,0,1,8785
3,2,1,2,0,0,0,1,1,0,0,8195
4,1,1,3,1,0,1,1,1,1,1,11235
5,1,2,3,1,0,0,1,0,0,0,9305
3,1,2,1,1,0,0,1,1,0,1,9445
4,1,1,2,0,1,1,1,1,0,0,11265
1,1,1,2,1,1,1,0,1,1,0,7735
5,2,2,3,0,0,1,1,1,0,0,11305
1,1,1,1,0,0,0,1,1,1,1,6825
2,1,2,1,0,0,0,0,0,0,1,4465
2,1,1,1,0,1,0,1,0,1,1,7935
4,1,1,2,1,0,1,1,0,0,0,7935
5,2,2,1,0,1,1,1,0,0,0,10935
2,1,1,3,1,0,1,0,0,1,1,5815
3,2,2,2,1,1,0,0,1,1,1,10895
1,2,2,1,0,0,1,0,0,1,1,4575
2,1,1,2,0,1,1,0,1,1,0,8175
5,1,1,3,1,1,0,0,1,0,1,11895
5,2,2,2,0,0,0,0,0,1,1,8445
4,1,2,2,1,0,0,0,1,0,0,8425
2,2,2,2,1,0,1,0,0,0,1,5935
1,1,1,2,1,0,0,0,0,0,0,3035
4,2,2,2,0,0,1,0,0,1,1,7815
4,2,1,1,0,0,0,1,0,0,1,7795
1,2,1,3,0,0,0,1,1,1,0,6875
5,1,2,2,0,0,1,0,1,0,0,9235
5,1,2,1,0,1,1,1,1,1,0,12965
4,1,1,2,0,0,1,0,1,1,1,8905
1,2,2,2,1,1,0,0,0,0,0,5835
3,2,1,3,0,1,0,0,1,0,1,9635
5,1,1,1,1,1,1,1,0,1,0,11135
3,1,1,2,1,1,1,1,1,1,0,11265
2,2,2,3,1,1,1,1,0,1,0,9415
1,2,1,2,0,0,0,1,1,0,1,6925
3,1,1,3,1,0,0,1,1,1,1,9865
5,2,2,3,1,1,0,1,1,1,1,14665
3,1,2,1,1,1,1,1,1,0,1,11815
3,1,2,3,1,1,0,0,1,0,1,10395
3,1,2,2,0,1,1,0,0,1,1,8515
4,2,2,1,0,1,0,1,1,1,0,11895
1,1,1,3,0,0,0,1,1,0,0,6135
2,2,1,3,0,0,0,0,1,0,0,5905
5,2,1,1,0,0,1,0,0,1,1,8075
1,2,1,3,0,1,0,1,1,1,1,9605
2,1,1,1,0,0,1,0,1,1,1,6665
5,1,2,2,0,0,0,1,1,0,1,11125
1,1,2,3,0,0,1,1,1,0,0,7005
4,1,2,1,1,1,0,0,1,1,1,11355
3,2,2,1,0,1,1,1,0,0,1,9665
1,1,1,1,0,1,1,0,1,1,1,7665
3,2,1,2,0,1,0,1,1,1,1,11365
2,2,1,2,1,1,0,0,1,1,1,9395
4,1,2,1,0,1,1,1,1,0,1,12255
1,2,2,3,0,0,0,1,0,0,0,5045
1,1,1,3,0,0,1,0,0,0,1,3815
4,1,1,1,1,0,1,0,0,1,0,6605
2,1,1,1,1,0,1,1,0,0,1,6425
1,1,1,1,0,0,0,1,0,0,0,3765
4,1,2,1,0,1,0,1,1,0,1,11885
1,2,1,1,1,1,1,1,1,0,0,8885
2,1,2,1,0,1,1,0,1,1,0,8435
4,1,2,1,1,1,1,1,1,0,1,12815
5,2,1,1,1,1,0,1,0,1,0,11065
1,2,2,1,1,0,1,1,0,0,1,6225
4,2,1,1,1,0,1,0,1,0,0,8355
4,2,2,1,1,0,0,1,0,0,1,8855
3,2,2,1,0,1,0,0,0,1,1,8205
1,1,2,2,0,0,1,1,0,1,1,6045
1,1,2,1,1,0,0,1,1,1,1,7885
1,2,1,3,1,1,1,0,1,1,1,9005
5,1,2,1,1,1,0,0,1,1,1,12355
2,1,2,3,0,0,0,0,1,0,1,6835
3,2,1,3,1,0,0,1,1,0,0,8995
1,1,2,1,0,0,0,1,1,0,0,6155
4,2,1,1,0,1,1,0,1,0,0,9795
5,2,2,1,0,1,1,0,0,1,1,10575
1,2,1,2,1,1,0,0,1,1,0,7665
1,1,2,1,0,0,1,1,0,1,1,5805
2,2,2,1,0,0,0,1,1,1,1,8625
3,2,2,2,0,1,0,1,1,0,0,10695
5,1,1,3,1,1,1,1,0,1,0,11615
2,2,1,1,1,0,0,0,1,1,0,6425
1,2,1,2,0,0,0,1,0,0,1,5035
5,2,1,1,0,0,1,1,0,0,0,8435
5,1,2,3,0,0,0,0,0,0,0,7215
4,2,2,3,1,1,1,0,1,0,0,11335
3,2,1,3,0,0,0,1,0,1,0,6985
1,2,1,3,0,0,0,1,0,1,1,5715
2,2,2,3,1,0,0,0,0,1,0,5515
4,1,2,2,1,1,0,0,0,1,1,9705
2,1,2,3,1,1,1,1,0,1,1,9845
1,2,2,3,0,1,0,0,0,0,1,6245
4,1,1,3,0,1,0,1,1,0,1,11865
3,1,1,2,0,0,1,1,0,0,1,7105
3,2,1,3,1,1,1,0,0,0,1,8675
1,2,2,3,0,0,1,1,1,1,0,7745
3,2,2,3,1,1,1,0,1,0,0,10335
2,2,1,1,1,1,0,1,0,0,1,8355
3,2,1,2,1,1,1,0,1,0,1,10325
1,1,1,3,0,0,0,1,1,0,0,6135
4,1,2,1,0,0,0,0,0,1,1,6905
5,2,1,1,1,1,0,1,0,0,0,10625
5,1,2,1,0,0,1,0,0,0,1,7835
4,2,1,2,1,0,0,1,1,1,1,10925
2,1,1,3,0,0,0,1,1,0,0,7135
1,2,2,2,0,0,0,1,0,0,1,5535
4,2,2,2,0,0,0,0,1,0,1,8895
1,1,2,2,1,1,0,0,0,1,0,5975
4,1,1,3,1,0,1,1,1,0,0,10065
3,1,1,2,1,0,0,0,0,0,1,5765
3,2,1,3,1,0,1,0,1,0,0,7835
1,2,1,2,1,0,1,1,1,0,1,7855
2,2,2,1,1,1,0,0,1,0,1,9215
1,2,2,2,1,1,0,0,0,1,1,7005
5,1,1,3,1,0,0,1,1,1,0,11135
2,1,2,3,1,1,0,0,1,0,0,8665
2,2,2,2,1,0,1,0,0,0,0,5205
5,1,2,1,0,0,1,1,1,0,0,10525
3,2,2,2,0,0,1,0,0,0,1,6375
2,2,1,1,1,1,1,1,1,0,1,10615
5,2,2,1,0,1,1,0,0,0,0,9405
1,2,2,2,1,1,0,0,1,0,0,7725
2,2,1,3,1,0,0,1,0,1,0,6545
5,2,2,3,0,1,0,0,1,1,0,11845
4,2,2,1,1,0,0,0,1,0,0,8485
1,2,2,2,1,1,0,0,0,1,1,7005
1,1,1,1,1,1,0,0,0,0,1,5525
1,1,1,1,1,1,1,1,0,0,0,6695
2,2,2,2,0,0,0,0,0,1,0,4715
5,2,2,2,1,1,0,1,1,1,0,13695
4,1,1,1,1,0,0,0,1,1,0,8125
1,2,2,3,0,1,0,0,1,0,0,7405
3,2,2,1,0,0,1,1,1,0,0,8825
2,1,2,3,0,1,1,0,0,0,0,6585
2,1,2,3,0,1,0,1,1,0,1,10365
1,1,1,3,1,1,1,1,1,0,0,9065
3,2,1,2,0,1,0,1,0,0,1,9035
1,2,2,3,1,1,1,0,0,0,0,6445
1,2,2,1,1,1,0,1,1,0,0,9015
5,2,2,1,0,1,1,0,0,1,0,9845
2,2,1,1,0,0,1,1,1,0,0,7325
5,2,1,3,1,1,1,1,0,0,1,12205
4,2,1,3,1,1,1,0,1,1,0,11275
3,1,1,3,1,1,1,1,0,0,0,9175
3,1,2,2,0,1,0,0,0,0,1,7705
1,1,2,3,0,0,0,0,0,1,1,4385
2,2,1,1,0,0,0,1,0,0,0,5065
5,1,2,2,0,1,1,0,1,1,0,11675
3,1,1,2,0,1,1,0,1,1,1,9905
1,2,2,3,0,0,0,0,0,0,1,4245
1,1,1,2,0,1,1,0,0,0,0,4845
5,1,2,3,1,1,0,1,1,1,1,14365
3,1,1,1,1,0,0,1,0,1,1,7495
5,1,2,3,0,0,0,1,1,1,0,11075
1,1,1,1,1,0,0,1,1,1,1,7385
5,2,2,1,0,0,0,1,0,0,1,9295
2,1,1,3,0,0,1,1,0,0,0,5615
4,1,2,1,1,1,1,0,1,0,1,11285
3,1,1,3,1,1,1,0,1,0,1,10265
4,2,2,3,1,0,0,0,1,1,1,10135
3,1,1,1,0,1,0,1,1,0,0,9655
3,2,2,3,1,1,0,0,1,1,0,10405
2,1,2,1,1,1,0,0,0,1,0,6735
4,2,2,3,0,1,1,0,1,0,0,10775
5,2,1,1,0,1,1,0,0,0,1,9635
3,2,2,1,0,0,0,0,0,1,0,5475
1,1,2,1,0,1,0,1,1,1,1,9325
3,1,2,3,0,0,0,0,0,0,0,5215
3,2,2,3,1,1,1,1,0,0,1,10705
5,2,2,3,1,1,1,1,1,1,1,15035
3,2,2,3,1,1,0,0,1,1,0,10405
3,2,2,3,1,0,1,1,1,0,0,9865
3,1,2,1,1,1,0,0,1,1,1,10355
5,1,2,2,1,1,0,1,1,0,0,12955
2,2,2,2,0,1,0,1,0,1,1,8975
1,1,2,3,1,1,0,1,0,0,1,8035
4,2,2,3,1,0,1,0,1,1,0,9775
1,2,1,2,1,1,1,1,1,0,0,9125
4,2,1,1,0,1,0,0,0,0,1,8265
5,2,2,2,1,1,1,0,0,0,0,10205
1,1,1,1,1,1,1,1,0,0,1,7425
4,2,2,2,1,1,1,1,1,1,0,13065
4,2,1,3,0,0,1,0,1,1,1,9445
3,2,1,1,1,1,0,0,1,0,0,8985
2,1,2,3,1,1,0,0,0,1,1,7945
5,1,1,1,0,0,0,0,0,0,1,6965
1,2,1,3,0,0,0,0,0,0,0,3015
4,2,2,3,0,0,0,0,0,1,0,6955
5,1,1,1,0,0,1,1,0,1,0,8575
3,1,1,2,0,1,1,0,0,1,1,8015
5,1,1,3,1,0,1,1,0,1,0,9615
3,1,2,3,1,0,0,0,0,0,0,5775
2,1,2,1,1,0,1,0,1,1,0,6995
2,2,2,2,1,0,1,0,1,0,0,7095
4,2,1,2,0,1,1,0,0,0,0,8145
2,2,2,3,1,0,1,1,0,1,0,7415
2,2,1,1,1,0,1,0,1,1,1,7525
3,1,1,2,0,0,1,0,1,0,1,7465
5,2,2,3,0,0,1,0,0,0,0,7885
5,1,1,2,0,1,1,1,0,0,0,10375
1,1,1,1,1,0,1,1,0,0,1,5425
5,2,2,1,1,1,0,1,0,1,0,11565
1,1,2,1,1,1,1,1,1,0,0,9085
1,2,1,3,0,1,0,0,1,0,1,7635
4,2,1,2,0,1,0,1,0,0,0,9305
5,1,2,2,0,0,1,1,0,1,0,9315
3,2,1,1,0,1,0,0,0,0,0,6535
1,1,2,3,1,1,1,0,0,1,1,7315
5,1,1,1,0,0,0,0,0,1,1,7405
5,1,2,2,0,1,1,1,1,1,0,13205
2,1,1,3,1,1,1,1,0,0,0,8175
2,1,2,1,0,1,0,1,0,1,0,7705
5,1,1,2,0,1,0,0,0,0,0,8475
1,2,1,2,0,1,0,1,0,1,1,7475
3,1,2,2,0,1,0,1,0,0,1,9235
2,1,2,2,1,1,1,0,0,1,0,7345
1,1,2,3,1,0,0,1,1,0,0,7195
3,2,2,1,1,1,1,0,1,1,0,10295
3,1,2,2,0,1,0,1,0,0,0,8505
3,2,2,2,1,1,1,1,0,0,1,10465
1,1,2,3,1,1,1,0,0,0,0,6145
5,2,2,3,0,0,1,1,1,0,0,11305
2,1,1,2,0,1,0,1,1,0,0,8895
2,2,2,3,0,1,0,1,0,0,1,8775
2,2,1,1,0,0,1,0,1,0,1,6525
5,1,1,1,0,0,0,0,0,0,1,6965
2,1,2,3,1,1,0,1,0,1,0,8745
3,1,1,1,1,0,0,1,1,1,0,8655
2,2,1,3,1,0,0,0,1,0,1,7195
4,2,1,3,1,0,1,1,0,0,1,9205
4,2,1,1,1,1,0,1,0,0,0,9625
1,1,2,1,1,1,1,0,0,0,1,6395
1,2,1,1,1,0,0,1,0,1,1,5795
2,2,2,1,1,0,0,1,1,1,1,9185
1,2,1,3,0,1,1,0,1,0,1,8005
4,1,2,1,1,1,1,1,0,0,1,10925
3,1,2,1,1,0,1,1,0,0,1,7925
4,1,2,1,1,1,1,1,1,0,0,12085
5,1,1,2,0,0,1,1,1,1,0,10705
4,2,2,3,1,1,0,0,1,0,0,10965
5,1,1,1,0,1,1,1,0,1,1,11305
4,1,2,1,1,1,1,1,1,0,0,12085
2,1,1,2,1,1,0,1,1,1,1,10625
2,2,1,2,0,0,1,1,1,1,1,8735
4,2,2,2,0,1,0,1,0,0,0,9805
2,1,1,2,1,0,1,0,0,0,1,5135
1,2,1,1,1,0,0,1,1,0,0,6515
2,1,2,3,0,1,1,0,1,1,0,8915
2,1,1,3,0,0,1,1,0,0,1,6345
2,2,2,2,0,0,0,1,1,1,0,8135
3,1,2,2,1,0,1,0,0,0,1,6635
4,2,2,3,0,1,1,0,0,1,1,10055
1,1,2,3,0,0,0,0,1,0,0,5105
5,1,2,3,1,0,1,1,1,1,0,12005
3,2,1,2,1,0,0,1,1,0,0,8755
2,1,1,1,0,1,1,0,0,1,0,6045
2,2,2,3,0,0,1,1,1,1,0,8745
4,2,1,3,0,1,0,0,1,0,1,10635
2,1,1,3,0,1,1,1,1,1,0,9945
4,2,2,1,0,1,1,0,0,1,0,8845
1,1,1,1,1,0,0,1,1,1,0,6655
2,2,2,3,0,1,1,0,1,0,1,9505
1,2,2,2,0,0,0,1,0,1,1,5975
5,1,1,2,1,0,0,0,1,1,1,10095
1,2,2,3,0,1,0,1,1,1,0,9375
3,2,2,2,1,0,1,0,1,0,1,8825
5,2,1,3,1,1,1,0,0,1,1,11115
5,2,1,3,1,0,0,1,1,1,1,12165
5,2,2,2,1,1,0,0,1,1,0,12165
1,1,2,2,1,1,1,0,1,1,1,8965
5,1,1,3,1,1,1,0,0,0,1,10375
2,2,1,2,1,0,1,1,0,0,1,6965
4,2,2,3,1,0,1,1,1,0,0,10865
2,1,2,2,1,1,0,0,0,1,1,7705
1,2,1,3,0,1,1,0,1,1,0,7715
5,1,2,2,0,0,0,1,1,1,1,11565
4,2,1,2,1,0,0,1,0,0,1,8595
3,1,1,1,1,1,1,0,1,1,0,9495
4,1,1,1,1,0,1,1,1,1,1,10755
5,1,1,3,0,1,1,1,0,0,1,11345
4,1,1,1,0,1,1,0,0,0,1,8335
1,2,1,2,0,1,0,0,0,1,0,5215
3,1,2,2,0,0,0,0,0,0,1,5705
3,1,1,1,0,0,1,0,1,1,1,7665
4,1,2,3,0,0,0,1,1,0,0,9635
3,2,2,3,1,1,1,1,0,0,1,10705
1,2,1,1,0,0,0,1,1,1,1,7125
1,2,1,3,0,1,0,0,1,0,1,7635
1,1,2,1,0,1,1,0,0,0,1,5835
1,1,2,2,0,0,1,0,1,0,1,5965
4,2,2,2,1,1,0,1,0,0,0,10365
4,1,2,3,0,1,0,0,1,0,1,10835
1,1,2,1,0,0,0,1,0,1,0,4705
5,1,2,3,0,0,0,1,0,1,1,9915
1,1,2,1,1,0,1,0,1,1,0,5995
4,1,2,3,1,0,0,0,1,1,1,9835
4,2,1,2,0,0,0,0,1,1,1,8835
3,1,2,2,0,0,0,0,0,1,1,6145
5,1,1,3,1,0,0,0,1,0,1,9895
4,1,1,1,1,1,0,1,0,1,1,10495
5,1,2,1,0,1,0,0,1,0,1,11355
5,2,1,1,0,1,1,0,0,0,0,8905
3,2,2,1,0,1,1,1,1,1,0,11265
2,1,1,2,0,0,1,1,0,0,0,5375
2,2,1,1,1,1,1,1,0,0,1,8725
1,2,1,1,1,1,1,0,1,0,1,8085
1,1,1,3,0,1,0,1,0,0,1,6975
2,2,1,2,1,1,1,0,0,0,1,7435
3,1,2,2,1,1,1,1,1,1,0,11765
2,2,2,3,1,1,1,0,1,0,0,9335
1,2,2,1,1,0,0,0,0,0,1,4325
5,1,1,1,1,1,0,1,0,1,0,10765
2,1,1,1,0,1,0,1,0,1,0,7205
1,1,1,3,1,1,1,1,0,0,0,7175
5,2,2,3,0,0,1,0,1,1,1,10945
2,1,1,1,1,0,0,0,0,0,0,3795
3,2,2,3,0,0,0,1,1,0,0,8935
1,1,1,1,0,0,1,1,1,1,0,6465
4,1,2,1,0,1,0,1,1,0,0,11155
4,1,2,2,1,0,1,0,0,1,0,7345
4,1,2,1,0,0,0,1,0,0,1,7995
1,1,1,2,1,1,0,1,0,1,0,7005
4,2,2,1,1,0,0,0,1,1,1,9655
5,2,1,2,0,0,1,0,1,1,1,10205
3,1,2,3,1,0,1,0,0,0,1,6875
1,1,2,1,0,1,0,1,1,1,1,9325
1,1,2,1,1,1,0,0,1,1,1,8355
3,1,2,3,1,0,0,0,1,1,1,8835
1,2,2,1,0,1,1,0,1,1,1,8465
5,2,1,1,1,0,0,1,1,0,0,10515
4,1,2,2,1,1,1,0,0,0,1,9635
4,2,2,3,0,0,0,1,0,0,1,8775
5,2,2,1,1,1,1,1,1,0,1,14115
1,2,2,1,1,0,1,0,0,0,1,4695
2,1,2,1,1,0,0,1,1,0,0,7715
2,1,1,1,1,0,1,1,0,0,1,6425
4,1,1,1,1,0,0,0,0,1,0,6235
4,2,1,2,1,1,0,0,1,0,1,10955
3,1,2,1,1,0,1,1,1,1,0,9525
3,1,2,2,1,0,1,1,1,1,0,9765
5,2,2,1,0,1,1,1,0,0,0,10935
3,1,1,3,0,1,1,1,0,0,1,9345
2,2,1,1,1,1,1,0,1,1,1,9525
5,1,1,3,0,1,1,1,0,1,0,11055
5,2,2,2,1,0,0,1,0,1,1,10535
4,1,1,3,1,1,0,1,0,0,1,10535
5,2,1,2,0,0,1,0,0,1,1,8315
5,2,2,1,0,0,0,0,1,1,1,10095
5,2,2,3,0,1,1,1,1,1,1,14475
2,2,2,2,0,0,0,1,1,0,1,8425
2,1,1,3,1,1,0,1,1,1,0,10135
5,1,1,2,0,0,1,1,0,0,1,9105
4,2,2,2,1,0,1,1,0,1,0,9175
2,2,1,2,0,1,0,0,0,1,1,6945
1,2,1,1,0,1,0,1,1,1,1,9125
1,1,2,3,0,1,0,1,1,1,1,9805
1,1,2,2,0,0,1,1,0,0,0,4875
1,2,1,3,1,1,1,0,1,0,1,8565
4,1,1,1,1,0,0,0,1,0,0,7685
3,1,1,2,1,1,0,0,0,0,1,7765
5,2,1,1,0,0,1,1,0,0,0,8435
5,1,1,2,1,1,0,1,0,0,1,11295
4,2,2,2,0,1,1,1,1,1,0,12505
2,1,2,1,1,0,0,1,1,1,0,8155
5,2,1,3,0,0,0,0,1,1,0,9345
3,2,1,1,0,1,0,0,1,0,1,9155
1,1,2,3,1,1,1,1,0,1,0,8115
3,2,2,2,1,1,0,0,0,0,0,7835
1,1,2,2,0,1,1,1,0,0,0,6875
3,1,2,1,0,1,0,1,1,0,0,10155
4,2,2,3,1,1,1,1,0,0,0,10975
3,2,1,2,0,0,0,1,0,1,0,6745
3,2,1,3,0,1,0,0,0,0,1,7745
5,1,1,2,1,1,0,1,0,0,1,11295
5,2,2,2,1,0,1,0,1,0,0,10095
5,1,2,2,1,1,0,1,0,0,0,11065
2,1,2,3,0,1,1,1,1,1,0,10445
2,1,2,1,1,1,1,1,1,1,1,11255
3,2,2,1,0,0,1,1,0,0,0,6935
3,1,1,3,1,0,0,1,0,0,0,6805
1,1,2,2,0,1,0,1,1,1,0,8835
2,1,2,1,0,0,0,0,0,0,1,4465
5,1,1,3,0,1,1,1,0,0,0,10615
5,1,2,3,0,0,0,0,0,1,1,8385
2,2,2,1,1,0,1,0,0,0,0,4965
3,2,1,3,0,0,0,1,1,0,1,9165
1,1,1,2,1,1,0,1,0,0,1,7295
3,2,2,1,1,0,0,1,0,0,1,7855
3,2,1,1,0,0,1,0,0,1,1,6075
3,1,1,2,0,0,1,1,0,1,0,6815
5,2,2,1,1,0,0,0,1,0,0,9485
2,1,2,2,0,0,0,1,1,0,0,7395
4,1,1,2,0,1,0,1,1,0,0,10895
4,2,2,3,1,0,1,1,0,1,1,10145
2,2,2,3,1,1,1,1,1,1,1,12035
5,1,1,1,0,0,1,1,0,0,0,8135
1,2,1,2,0,1,0,0,0,0,0,4775
3,1,1,3,1,1,1,0,0,1,1,8815
3,1,1,2,1,1,0,1,1,0,0,10455
2,1,1,1,1,1,1,0,1,0,1,8785
3,2,1,3,1,0,0,0,1,1,1,8635
5,1,2,2,1,1,1,1,0,1,0,11875
4,1,1,1,0,0,1,0,0,1,0,6045
3,2,2,2,1,0,1,1,1,1,0,10065
4,2,1,3,0,1,1,1,0,0,1,10645
4,2,2,1,1,1,0,1,1,1,1,13185
5,1,1,3,0,1,1,0,1,0,0,10975
1,1,1,2,1,1,0,0,1,1,0,7365
4,2,1,1,0,0,1,1,1,0,1,10055
2,2,1,2,0,1,0,1,1,0,1,9925
1,1,2,1,0,1,1,1,1,1,1,9695
5,1,1,2,1,0,1,0,0,1,0,7845
1,2,2,3,0,1,0,0,1,1,0,7845
2,1,1,3,0,1,0,0,1,0,1,8335
3,2,1,2,1,0,0,0,0,1,0,5775
3,2,1,3,1,1,0,0,1,0,1,10195
2,2,2,2,0,1,0,1,1,1,1,10865
5,1,2,1,0,0,1,0,1,0,1,9725
5,2,2,2,0,1,1,0,1,0,0,11535
1,2,2,2,0,0,1,1,0,0,0,5175
5,2,1,2,0,0,1,0,0,1,1,8315
1,2,2,3,0,0,1,0,0,1,0,4325
3,2,2,3,0,1,0,1,1,1,0,11375
4,2,2,2,0,1,1,1,1,0,1,12795
1,1,2,2,0,0,1,0,1,1,1,6405
3,1,2,2,0,0,0,1,0,1,1,7675
1,2,2,1,1,0,0,0,1,1,0,5925
5,2,2,2,1,0,0,1,1,1,1,12425
4,1,2,1,0,1,1,1,0,0,0,9635
3,1,1,3,0,0,1,0,1,0,1,7705
5,1,2,2,1,1,0,1,1,0,1,13685
5,2,2,1,0,1,0,0,0,1,0,9475
4,2,2,1,0,0,0,1,1,1,0,9895
3,1,2,1,1,0,1,0,1,1,1,8725
5,1,2,2,1,1,0,0,0,0,1,10265
1,2,2,3,0,0,0,0,0,1,1,4685
1,1,1,1,1,1,0,0,1,1,0,7125
3,2,1,2,1,0,1,1,1,0,0,9125
1,2,2,3,1,0,0,1,1,0,1,8225
5,1,1,3,1,0,0,1,1,0,0,10695
2,1,2,2,1,1,0,1,0,0,0,8065
1,2,1,2,0,0,0,1,1,1,1,7365
5,2,1,2,0,1,0,0,1,0,0,10665
5,2,1,1,0,1,1,0,1,1,0,11235
4,1,1,2,1,0,1,0,1,0,1,9025
4,2,2,3,1,1,1,0,1,1,1,12505
1,1,1,3,0,1,1,0,0,1,1,6255
5,1,2,1,1,1,1,0,1,0,0,11555
1,2,2,3,0,0,1,0,0,1,1,5055
5,2,2,2,0,1,0,1,0,0,1,11535
2,1,1,2,1,0,0,1,0,0,0,5565
2,1,2,2,0,1,0,1,0,1,0,7945
5,2,2,1,0,0,1,0,1,1,0,9735
2,2,1,1,0,0,1,0,1,1,0,6235
3,2,1,3,0,1,1,0,0,0,0,7385
3,2,1,2,0,0,1,1,0,1,1,7845
4,1,1,2,0,0,0,0,1,0,1,8095
3,2,2,2,0,0,1,1,0,0,1,7905
1,2,1,2,0,0,0,1,1,0,1,6925
4,2,1,2,1,1,0,1,0,0,1,10595
5,1,2,1,1,1,1,1,0,0,0,11195
2,2,1,1,0,1,1,0,1,1,0,8235
1,1,1,2,1,0,0,0,0,1,0,3475
2,2,1,3,1,1,1,0,0,1,1,8115
5,1,2,1,0,1,1,0,0,0,1,9835
4,2,1,1,1,1,0,0,0,1,0,8535
1,2,2,3,1,1,1,0,1,1,1,9505
1,1,1,3,1,0,1,1,1,1,1,8235
3,2,2,2,1,1,1,1,1,1,0,12065
3,1,2,3,0,0,0,0,0,1,1,6385
3,2,2,3,1,1,0,1,0,0,0,9605
5,1,1,2,0,1,0,1,0,1,0,10445
4,1,1,2,0,1,1,1,1,0,0,11265
5,2,2,1,0,0,1,0,1,0,0,9295
2,1,1,2,0,0,1,0,1,0,1,6465
2,2,2,1,0,1,1,0,0,1,0,6845
1,2,1,3,0,0,1,0,0,1,0,3825
4,2,1,1,0,1,1,0,1,0,0,9795
5,1,2,3,1,0,1,0,1,0,1,10765
5,2,1,2,0,0,1,1,0,0,1,9405
2,2,1,3,0,0,0,0,1,1,1,7075
3,2,2,2,1,1,1,0,0,0,0,8205
5,2,2,2,0,1,1,1,0,0,0,11175
1,2,1,1,1,1,1,1,1,1,0,9325
5,2,2,3,0,0,1,0,0,0,1,8615
5,2,1,2,1,1,0,1,0,1,1,12035
3,2,2,1,1,0,0,1,1,0,1,9745
2,2,2,3,0,1,1,0,0,1,0,7325
1,2,1,3,1,1,1,0,1,0,1,8565
5,2,1,2,0,1,0,1,0,1,0,10745
1,2,2,3,0,1,0,1,1,0,1,9665
2,1,1,3,0,1,1,1,1,0,1,10235
4,1,1,2,1,1,0,0,1,0,1,10655
3,1,2,1,0,1,1,0,0,1,1,8275
5,1,2,2,1,1,0,0,1,0,1,12155
3,1,1,2,1,0,0,0,1,0,1,7655
1,1,2,1,1,0,0,1,1,0,0,6715
3,1,2,1,0,1,0,0,1,1,1,9795
5,1,1,1,0,0,0,1,1,0,0,9655
4,2,1,2,0,0,1,0,0,1,0,6585
5,1,1,1,1,0,0,1,0,0,1,9055
3,1,1,3,0,1,1,0,0,1,1,8255
5,2,1,2,0,1,0,0,1,1,1,11835
4,2,1,2,1,1,1,1,1,0,1,12855
3,2,1,3,1,1,0,0,1,1,1,10635
4,1,1,2,1,1,0,0,0,1,1,9205
4,2,2,2,0,1,1,0,1,1,1,11705
2,1,2,2,0,0,1,0,1,0,1,6965
5,2,2,2,1,1,1,1,0,1,0,12175
2,2,1,1,1,1,1,0,0,1,0,6905
3,2,2,3,1,0,1,1,1,1,1,11035
4,2,1,1,0,1,1,1,1,1,0,11765
4,2,1,3,1,0,1,0,1,0,1,9565
3,2,1,3,0,0,1,1,1,0,0,8805
4,2,1,3,1,1,1,0,1,1,0,11275
1,2,2,3,1,0,0,1,1,0,0,7495
5,1,1,3,0,1,0,0,0,1,1,9885
1,2,2,2,1,0,0,1,0,1,1,6535
5,2,1,2,0,1,1,1,0,0,0,10675
2,1,2,2,0,0,0,0,0,0,0,3975
3,1,2,1,0,1,0,1,1,1,1,11325
3,1,2,3,1,1,0,1,0,1,1,10475
5,1,1,1,1,1,0,1,1,1,1,13385
2,1,2,2,1,1,0,0,1,1,0,8865
3,2,1,3,1,1,1,0,1,1,1,11005
3,2,2,2,0,0,1,1,0,1,0,7615
4,2,1,1,1,1,0,0,0,1,1,9265
3,2,2,3,1,0,0,1,0,1,1,8775
3,2,1,1,1,0,0,0,1,0,0,6985
3,2,1,2,0,0,0,0,1,0,1,7395
5,1,1,2,1,0,0,0,1,0,1,9655
5,1,1,1,0,0,1,1,1,0,0,10025
2,1,2,1,1,1,1,1,1,0,1,10815
5,1,1,3,0,1,1,0,1,0,0,10975
4,2,1,1,1,1,1,1,1,1,0,12325
2,1,1,3,0,0,0,1,0,1,0,5685
3,1,2,3,0,0,1,1,0,0,1,7845
1,2,2,3,1,1,0,1,0,1,0,8045
5,2,1,2,0,1,1,0,1,1,0,11475
4,1,1,3,1,1,1,0,1,0,0,10535
5,1,2,2,1,1,0,0,0,1,1,10705
3,1,2,2,1,0,1,0,1,1,0,8235
3,2,2,3,0,0,0,0,1,1,1,8575
1,1,2,1,0,0,1,1,0,1,1,5805
3,2,1,1,0,0,1,0,1,0,0,6795
4,2,1,2,1,0,1,1,0,1,1,9405
3,2,2,3,1,0,1,1,0,0,0,7975
3,2,1,3,1,0,1,0,0,1,1,7115
3,2,1,2,0,0,1,1,1,1,1,9735
5,2,2,2,1,0,1,1,1,1,1,12795
4,1,2,3,0,1,1,0,1,0,0,10475
1,1,2,2,0,0,0,1,0,0,1,5235
4,1,2,3,0,1,0,0,0,1,0,8655
4,2,2,3,1,1,0,1,0,1,1,11775
1,2,1,3,1,0,1,1,1,0,1,8095
4,1,1,2,1,1,0,1,1,1,1,12625
1,2,1,3,0,1,0,1,0,0,0,6545
1,2,2,1,0,1,0,0,1,0,0,6925
2,1,2,1,1,1,0,1,0,1,1,8995
4,2,2,1,1,1,1,0,0,1,1,10135
5,1,1,3,0,0,0,0,1,1,1,9775
2,1,2,2,0,1,0,1,1,1,0,9835
5,1,1,1,0,1,0,0,0,0,0,8235
2,1,2,1,0,1,0,1,0,1,0,7705
4,1,2,2,1,1,1,0,1,1,0,11235
4,1,2,3,1,1,0,0,1,1,0,11105
1,2,1,1,1,1,0,0,1,1,1,8155
4,2,2,3,1,1,0,0,1,0,0,10965
1,1,1,2,0,0,0,1,1,1,0,6335
1,1,2,2,0,1,0,1,0,0,1,7235
3,1,1,3,1,0,0,1,1,0,1,9425
4,2,2,2,0,0,1,0,1,1,0,8975
5,2,2,3,1,1,0,0,0,0,1,10805
1,2,1,2,0,0,0,1,1,0,1,6925
3,1,2,2,1,1,0,1,0,0,0,9065
1,1,1,2,1,0,0,1,1,1,1,7625
1,1,1,1,0,0,1,1,1,0,0,6025
4,2,1,2,0,1,1,1,1,0,1,12295
1,1,2,3,0,0,0,1,1,1,1,7805
5,1,1,2,0,1,1,1,0,0,0,10375
4,2,1,1,0,0,0,0,0,1,0,5975
3,2,2,2,1,0,0,0,0,1,1,7005
4,1,2,1,0,0,1,1,0,0,1,8365
4,2,2,1,0,1,0,0,0,0,0,8035
5,1,1,3,0,0,1,0,1,0,1,9705
3,2,1,2,1,0,1,1,0,1,1,8405
4,2,1,2,0,0,1,0,1,1,1,9205
1,1,1,1,1,0,0,1,0,0,0,4325
5,2,2,1,1,1,0,1,0,0,0,11125
1,2,2,1,1,0,1,0,0,1,1,5135
3,2,1,2,1,0,1,1,0,0,0,7235
2,1,2,1,1,0,0,1,0,1,0,6265
2,2,2,1,0,1,1,0,1,0,0,8295
4,1,2,3,0,0,1,0,1,1,0,8915
5,2,1,1,1,1,1,0,1,0,1,12085
2,2,2,2,1,0,1,0,1,0,0,7095
4,1,1,3,1,0,0,0,1,1,1,9335
3,1,2,1,0,1,0,1,1,1,1,11325
1,1,2,3,0,1,1,1,0,0,0,7115
5,1,1,2,1,1,1,0,1,1,1,12465
4,2,1,1,0,1,0,0,0,1,1,8705
5,1,2,2,1,0,1,1,1,0,1,12055
3,2,1,1,1,0,1,0,1,0,1,8085
4,2,2,3,0,0,1,1,0,1,1,9585
5,1,1,1,1,0,0,1,1,0,0,10215
1,1,1,1,1,1,0,0,1,1,0,7125
4,1,1,1,1,0,0,1,1,0,0,9215
1,2,2,2,1,0,0,0,1,0,1,6455
5,2,1,1,1,0,0,1,1,1,1,11685
2,2,1,3,1,0,1,1,1,0,0,8365
1,2,1,1,1,1,1,1,1,1,1,10055
3,1,2,3,0,1,0,1,0,0,0,8745
2,1,1,3,1,0,1,1,0,0,1,6905
5,2,2,2,1,1,0,1,0,0,1,12095
3,1,1,2,0,0,1,1,1,1,0,8705
1,1,1,3,0,1,1,1,0,1,0,7055
5,2,2,3,0,0,1,1,1,0,1,12035
3,1,1,1,0,1,0,0,1,0,1,8855
3,2,2,2,0,1,0,1,1,1,0,11135
4,2,2,3,0,0,0,1,0,0,1,8775
3,2,2,2,0,1,0,0,1,0,1,9895
5,2,1,1,0,0,1,1,0,0,1,9165
1,1,2,3,0,0,0,1,1,1,1,7805
4,2,2,1,1,1,1,1,0,0,0,10495
1,2,1,3,0,0,0,1,1,0,0,6435
1,1,1,3,0,1,0,1,0,1,1,7415
1,1,1,3,1,1,1,1,0,1,0,7615
5,1,2,1,1,0,1,1,1,1,1,12255
1,1,1,2,0,0,0,1,1,1,1,7065
5,2,2,2,1,1,0,0,1,0,0,11725
3,1,2,1,1,0,1,0,0,1,0,6105
1,2,2,1,0,1,0,0,1,1,1,8095
4,2,1,3,0,1,1,0,1,1,1,11445
5,1,1,3,0,1,0,1,0,1,0,10685
2,1,2,3,1,1,1,1,1,1,0,11005
3,1,1,2,1,0,0,0,1,0,1,7655
2,2,2,1,1,0,0,1,0,0,1,6855
1,2,1,1,0,0,0,1,0,0,1,4795
4,2,2,3,1,0,0,0,1,0,0,8965
3,1,1,3,1,0,1,0,1,0,0,7535
1,2,2,3,0,1,1,0,0,1,0,6325
1,1,1,1,0,0,1,1,0,0,0,4135
2,1,1,2,0,1,0,0,1,0,0,7365
5,1,1,3,0,1,0,0,1,0,1,11335
3,2,1,2,1,0,0,0,1,0,0,7225
5,1,1,1,1,1,0,1,1,0,1,12945
2,2,1,1,1,1,0,1,0,0,0,7625
5,2,1,2,1,0,0,1,0,0,0,8865
4,1,1,1,0,0,0,1,0,1,0,7205
3,2,1,1,1,0,1,1,1,0,1,9615
4,1,2,1,1,0,0,1,0,1,0,8265
3,1,2,2,0,0,1,0,1,1,0,7675
5,1,2,1,0,1,1,1,0,1,1,11805
4,1,1,1,0,0,0,1,0,1,0,7205
2,2,1,3,0,1,1,1,1,1,1,10975
4,1,2,1,1,0,0,0,0,0,1,7025
1,1,1,3,0,0,0,1,1,0,1,6865
5,1,2,3,1,1,0,0,0,0,0,9775
2,2,2,2,0,0,0,0,0,1,1,5445
4,2,2,1,1,1,0,0,1,1,1,11655
5,1,2,2,1,1,1,1,0,1,1,12605
1,2,1,2,0,0,0,0,1,1,1,5835
2,2,2,1,0,0,1,1,0,0,0,5935
5,1,2,2,0,0,0,1,1,0,1,11125
5,2,2,2,0,1,0,1,1,1,1,13865
1,1,1,2,1,1,1,1,0,1,0,7375
1,1,1,2,0,0,0,0,0,0,0,2475
5,1,1,3,0,1,1,1,1,1,0,12945
1,2,1,3,0,1,1,0,1,1,0,7715
5,1,1,1,1,0,0,1,1,0,1,10945
2,1,2,3,1,1,1,0,0,0,1,7875
2,1,1,3,0,1,0,1,0,1,1,8415
3,1,1,1,0,1,0,0,1,0,0,8125
4,1,1,2,1,1,1,1,0,0,1,10665
5,2,1,3,1,1,1,0,0,0,1,10675
2,2,1,1,0,0,1,0,0,1,1,5075
2,2,2,2,0,1,0,1,0,1,0,8245
3,2,2,2,1,0,1,0,0,0,0,6205
3,1,2,2,0,1,0,1,0,0,1,9235
2,1,2,3,0,1,0,0,1,0,0,8105
3,1,2,1,0,0,0,1,0,1,0,6705
4,1,1,3,1,1,0,0,0,0,1,9005
2,2,1,2,0,1,0,0,1,1,0,8105
2,1,2,1,0,1,1,1,1,1,0,9965
3,2,1,2,1,1,0,0,0,0,0,7335
5,1,2,1,0,0,0,1,0,1,0,8705
5,1,1,2,0,0,0,0,0,1,1,7645
1,1,2,3,0,0,1,1,0,1,0,5555
5,2,1,3,1,0,0,0,1,0,0,9465
1,1,1,2,1,0,0,0,1,0,0,4925
1,1,2,2,1,0,0,0,1,1,0,5865
2,2,1,2,1,1,1,0,0,1,0,7145
3,1,2,1,0,0,1,0,1,1,1,8165
5,1,1,3,1,0,1,1,1,0,1,11795
1,1,1,1,1,1,1,0,0,1,1,6335
3,2,2,3,1,0,0,0,0,0,0,6075
2,1,2,2,1,0,0,1,0,0,0,6065
4,1,2,3,0,1,0,1,1,1,0,12075
1,1,2,2,0,0,1,1,0,0,1,5605
1,1,2,1,1,0,1,0,0,0,0,3665
2,2,1,3,0,0,1,1,0,0,1,6645
5,1,2,3,0,1,1,0,0,1,1,10755
3,2,1,1,0,1,1,1,1,1,0,10765
1,1,2,3,0,1,1,1,0,1,0,7555
4,1,1,1,1,1,1,0,0,1,1,9335
4,1,1,2,0,0,1,1,1,0,0,9265
2,1,1,1,1,1,0,1,0,1,0,7765
4,1,1,3,1,0,0,0,1,0,1,8895
4,2,1,3,1,1,1,0,1,0,1,11565
3,1,1,1,0,1,0,0,1,0,1,8855
5,1,1,3,1,1,1,1,1,0,1,13795
2,2,2,1,1,0,1,1,0,0,0,6495
4,1,2,2,0,0,1,0,1,1,1,9405
1,2,1,1,1,0,1,0,0,0,1,4195
1,2,2,2,1,0,1,0,1,1,1,7265
5,2,1,3,0,0,0,0,1,1,1,10075
4,1,2,2,0,1,0,0,1,0,0,9865
1,1,2,3,1,0,1,1,0,0,0,5675
3,2,1,1,0,0,0,0,1,1,0,6865
4,1,2,2,0,1,0,1,0,1,0,9945
3,2,2,2,1,1,1,1,1,1,1,12795
1,2,2,2,0,0,0,1,1,0,1,7425
5,1,1,3,1,0,1,1,1,1,0,11505
1,1,2,1,0,0,0,0,1,0,1,5355
3,1,1,3,1,0,0,0,0,1,1,6445
5,2,1,1,0,0,1,1,1,0,0,10325
3,1,2,3,1,0,0,0,1,0,0,7665
2,2,1,2,0,0,1,1,0,1,1,6845
4,1,2,2,0,0,0,0,0,0,0,5975
4,2,2,3,1,0,0,1,1,0,0,10495
2,1,1,2,0,1,1,0,1,0,0,7735
5,1,2,2,0,1,1,1,0,1,0,11315
2,2,1,3,1,0,1,1,1,0,1,9095
2,1,2,3,1,0,0,0,0,1,1,5945
2,2,1,1,1,0,0,1,0,0,0,5625
3,2,2,1,0,1,0,1,0,0,0,8565
3,1,1,2,1,1,1,1,1,0,1,11555
3,2,1,3,0,0,1,1,1,0,1,9535
2,2,1,3,1,1,0,0,1,0,0,8465
3,1,1,3,1,1,0,0,1,0,1,9895
1,2,1,3,1,1,1,0,1,1,1,9005
3,2,1,1,1,0,1,1,1,1,0,9325
4,2,2,1,0,1,1,0,0,0,0,8405
2,1,2,2,0,0,0,1,1,0,1,8125
2,2,2,2,0,0,0,0,1,1,0,6605
2,2,1,1,1,0,1,0,0,1,0,4905
2,2,2,3,1,1,1,1,1,0,1,11595
3,2,2,2,1,1,0,1,0,0,0,9365
5,2,2,1,1,0,0,0,1,1,1,10655
1,2,2,1,1,0,1,0,1,0,1,6585
3,2,2,2,1,1,0,0,1,1,0,10165
4,1,1,3,0,1,1,1,0,1,0,10055
4,1,1,3,0,0,0,1,1,0,1,9865
4,1,2,2,0,0,0,0,1,1,1,9035
1,2,2,3,1,1,1,0,0,1,1,7615
1,2,2,2,0,1,0,0,0,1,1,6445
5,1,1,2,0,1,0,1,1,1,0,12335
2,1,2,2,1,1,0,1,0,0,0,8065
1,2,2,3,0,1,0,1,0,1,0,7485
3,1,2,2,1,0,1,0,1,0,1,8525
2,2,1,2,0,0,0,0,0,1,1,4945
3,2,2,2,0,0,0,1,1,0,1,9425
4,1,2,1,1,0,0,0,0,1,0,6735
1,2,1,2,1,1,1,0,0,1,0,6145
4,2,2,3,0,1,0,0,1,0,1,11135
2,1,1,2,1,1,0,0,1,1,1,9095
4,2,1,2,0,0,1,0,1,0,1,8765
4,1,1,2,0,0,0,0,1,1,0,7805
3,1,2,3,0,1,1,1,0,0,0,9115
1,2,2,3,1,0,1,0,0,0,0,4445
5,2,2,2,1,1,1,1,1,0,1,14355
5,2,1,3,0,1,0,0,1,0,1,11635
4,2,2,2,1,0,1,1,1,0,1,11355
4,1,1,3,0,0,1,0,0,1,0,6525
2,2,2,2,1,1,0,1,1,1,0,10695
1,2,1,3,0,0,1,1,0,1,1,6085
1,1,2,3,1,0,0,0,1,1,0,6105
5,1,2,3,0,1,0,0,0,1,1,10385
1,1,1,1,1,0,0,0,0,1,0,3235
4,2,1,1,0,1,0,0,0,0,0,7535
1,2,2,2,0,1,0,0,0,0,0,5275
2,2,2,3,1,1,0,1,1,0,0,10495
3,2,2,3,0,0,1,1,1,0,1,10035
1,2,1,3,1,0,0,0,0,0,0,3575
1,1,1,1,1,1,1,1,0,1,0,7135
1,1,2,2,1,1,1,1,0,1,1,8605
4,2,2,3,1,0,0,0,0,0,1,7805
4,2,2,3,1,1,1,1,1,0,0,12865
4,2,2,3,0,1,0,0,0,0,1,9245
5,2,2,3,0,1,0,0,0,0,1,10245
5,2,2,1,0,1,0,1,1,1,1,13625
2,2,1,1,0,0,0,1,1,0,0,6955
1,1,2,1,0,0,1,1,1,0,0,6525
3,1,2,3,1,1,0,1,0,1,0,9745
5,1,2,1,0,0,0,1,1,1,0,10595
1,2,1,1,1,0,1,1,0,0,0,4995
4,1,1,2,0,1,1,1,1,0,1,11995
1,2,1,2,0,0,0,1,1,0,0,6195
1,1,2,3,1,0,0,1,1,0,1,7925
4,1,1,3,1,1,1,1,1,0,0,12065
4,2,2,1,0,0,1,1,0,1,1,9105
4,1,2,3,0,0,0,1,0,0,1,8475
3,2,1,2,1,1,1,0,0,1,0,8145
4,2,1,2,0,1,0,0,0,0,0,7775
3,2,2,3,0,0,0,0,1,0,0,7405
3,1,2,2,0,1,0,0,0,0,1,7705
1,1,2,1,0,1,0,0,1,1,1,7795
4,1,2,3,0,1,1,0,1,0,1,11205
4,2,1,2,1,0,0,0,1,0,1,8955
3,2,1,2,0,0,1,1,0,1,1,7845
3,2,1,1,0,0,1,1,1,0,0,8325
4,2,1,2,0,0,1,0,1,0,0,8035
1,2,1,2,0,0,0,1,0,1,0,4745
3,2,2,2,0,0,1,0,1,0,1,8265
3,2,2,2,1,1,1,0,1,0,1,10825
2,2,1,2,1,0,1,1,1,0,1,8855
3,1,1,3,0,0,0,0,1,0,1,7335
3,2,1,3,0,0,0,1,0,0,1,7275
2,2,2,1,0,0,0,0,0,1,0,4475
1,2,1,2,1,0,0,0,1,1,0,5665
4,1,2,2,0,1,1,0,1,0,0,10235
3,1,2,2,0,0,0,1,0,1,1,7675
2,2,1,2,0,1,1,0,0,1,0,6585
2,2,2,2,1,1,1,0,1,1,1,10265
2,2,2,1,1,1,0,0,1,0,0,8485
1,1,1,2,1,0,1,0,0,1,1,4575
4,1,2,2,1,0,1,0,1,0,1,9525
5,2,2,1,0,1,0,0,0,0,0,9035
5,1,2,2,0,0,0,0,1,1,0,9305
1,1,2,1,0,1,1,0,1,1,1,8165
3,1,2,3,0,1,1,0,1,0,1,10205
1,2,2,1,0,1,1,0,1,0,0,7295
5,1,2,1,0,1,0,0,0,0,1,9465
2,2,1,3,0,1,1,1,0,1,1,9085
5,1,2,1,0,0,0,0,0,0,0,6735
2,2,1,3,0,1,0,1,1,0,0,9435
1,2,2,1,0,0,1,0,0,0,0,3405
1,2,2,2,0,0,0,0,0,0,1,4005
5,1,2,1,0,0,1,1,0,1,0,9075
1,1,2,3,0,0,0,1,0,1,1,5915
2,2,2,1,1,0,0,1,0,0,1,6855
3,2,1,2,0,1,1,0,0,0,0,7145
5,2,1,1,0,1,0,0,0,0,1,9265
2,1,1,2,0,0,0,1,0,0,1,5735
5,2,2,3,0,0,0,1,0,0,0,9045
1,1,1,2,0,0,0,1,1,1,1,7065
2,2,1,3,1,0,1,0,0,0,1,5675
3,2,2,3,0,0,0,0,1,1,1,8575
5,2,2,2,0,1,0,1,0,0,1,11535
1,2,2,1,1,1,1,0,1,1,1,9025
1,1,2,3,0,1,1,0,1,0,0,7475
1,2,1,2,1,1,0,0,1,0,0,7225
5,1,1,3,0,0,0,0,1,0,0,8605
1,1,2,3,0,0,0,0,1,1,0,5545
1,1,2,1,1,0,1,1,1,0,0,7085
5,2,1,1,0,1,0,0,1,0,0,10425
5,2,2,3,0,0,1,0,0,0,0,7885
1,2,1,2,1,1,1,0,1,0,1,8325
2,2,2,2,1,1,1,1,0,0,1,9465
4,2,2,2,0,0,0,1,1,0,0,9695
2,2,1,1,0,1,1,1,0,0,1,8165
4,2,2,2,0,0,1,0,1,0,0,8535
2,2,1,2,1,0,1,1,0,1,0,6675
1,1,2,2,0,1,0,0,0,0,0,4975
1,1,1,1,1,1,1,0,1,1,0,7495
2,1,2,1,0,0,0,0,0,1,1,4905
3,1,2,2,1,1,1,0,0,0,1,8635
3,1,2,1,1,0,0,1,1,1,0,9155
4,1,2,1,1,1,0,1,1,1,1,12885
2,1,1,1,1,1,0,0,1,0,0,7685
4,2,1,2,1,1,0,0,0,0,1,9065
4,1,1,1,1,1,0,0,1,1,0,10125
2,1,2,2,1,1,1,0,0,0,1,7635
5,2,1,3,1,0,1,0,1,0,0,9835
1,2,2,3,0,0,1,0,0,1,0,4325
1,1,2,1,1,0,0,0,0,1,1,4465
5,1,2,1,1,0,0,1,1,0,0,10715
1,2,1,2,1,1,0,0,0,0,1,6065
2,1,2,2,1,1,0,0,0,0,0,6535
4,2,2,2,1,0,1,1,0,1,0,9175
2,2,2,2,1,1,0,0,1,1,1,9895
2,2,1,1,1,1,0,1,0,1,1,8795
4,2,2,3,1,1,1,1,1,1,0,13305
3,1,1,2,1,0,1,1,0,0,0,6935
1,1,1,3,0,1,0,1,1,1,1,9305
4,1,2,1,0,0,1,1,0,1,0,8075
2,2,2,1,0,0,0,1,0,0,0,5565
4,1,1,1,1,0,0,0,0,0,0,5795
4,1,1,3,0,1,0,0,1,0,0,9605
4,1,2,1,0,1,0,0,1,1,0,10065
1,1,2,1,0,0,1,1,0,1,0,5075
4,1,2,1,1,1,0,1,1,1,0,12155
2,1,2,2,0,0,1,0,1,1,0,6675
3,1,2,1,0,1,0,0,1,1,1,9795
5,2,2,2,0,1,0,0,1,1,0,11605
2,1,1,1,0,0,1,1,1,1,0,7465
2,2,2,1,0,1,1,0,1,1,0,8735
1,2,1,1,0,1,0,0,0,0,0,4535
2,2,2,1,0,0,1,1,1,1,1,8995
2,1,2,3,0,1,1,1,0,0,0,8115
3,1,2,1,0,0,1,0,1,0,1,7725
2,2,2,1,1,1,1,1,1,1,0,10825
3,1,1,1,1,1,1,0,1,1,0,9495
4,1,2,3,1,0,1,0,1,0,0,9035
1,2,1,1,1,1,1,0,0,1,0,5905
5,1,2,2,0,1,1,0,0,1,1,10515
3,1,1,1,1,1,0,1,0,1,1,9495
4,2,2,2,0,1,1,0,1,0,1,11265
4,1,1,1,0,1,0,1,0,0,0,8765
5,1,1,2,1,1,1,0,0,1,1,10575
3,1,2,3,0,0,1,1,0,1,1,8285
2,1,2,1,1,0,0,0,1,0,0,6185
5,2,1,2,1,0,1,1,0,1,0,9675
2,1,2,2,1,1,1,1,1,1,1,11495
3,1,2,3,0,1,1,1,0,1,0,9555
3,2,1,3,1,1,1,1,0,0,0,9475
3,2,1,2,1,1,1,0,0,1,1,8875
3,2,1,2,1,1,0,1,0,0,1,9595
5,2,1,2,0,0,0,0,1,0,1,9395
5,2,2,1,1,1,0,0,0,1,1,10765
2,2,2,2,0,1,0,1,1,1,1,10865
3,1,1,1,0,1,1,0,0,1,0,7045
5,1,1,2,0,0,0,1,1,0,1,10625
1,2,1,2,0,1,0,0,0,1,1,5945
1,2,1,3,1,0,1,1,1,1,0,7805
1,1,2,3,0,0,1,0,0,1,0,4025
1,2,2,1,1,1,1,0,1,0,1,8585
5,1,2,1,0,0,0,1,1,1,1,11325
1,2,1,3,0,0,1,0,0,1,0,3825
1,1,1,2,0,1,1,0,0,1,0,5285
5,2,2,2,0,0,1,0,1,1,1,10705
4,2,1,2,0,0,1,0,1,0,1,8765
4,1,2,3,0,1,0,1,1,1,0,12075
1,1,1,3,1,1,1,1,0,1,0,7615
3,2,1,1,0,1,1,1,1,1,0,10765
4,2,2,2,1,1,1,0,0,0,0,9205
1,2,1,1,1,1,1,0,1,1,1,8525
4,2,2,2,0,1,1,1,0,1,1,11345
3,1,2,3,0,1,1,0,0,1,1,8755
1,1,1,2,0,1,0,1,1,0,1,8625
4,2,2,3,1,0,1,1,1,0,0,10865
4,1,2,1,1,0,0,0,1,0,0,8185
3,2,2,1,1,1,1,1,1,1,1,12555
5,1,1,3,1,0,0,0,0,1,1,8445
5,2,2,1,0,0,1,0,1,0,0,9295
2,1,1,2,1,0,1,1,1,0,1,8555
4,2,2,2,0,0,0,0,0,0,1,7005
5,2,1,1,0,1,0,1,0,0,0,10065
4,2,2,1,0,0,1,0,1,1,0,8735
4,2,2,1,1,1,1,0,0,1,1,10135
5,2,2,1,0,0,1,0,1,1,1,10465
3,1,1,2,0,1,1,0,1,1,0,9175
1,1,2,3,0,0,0,1,0,1,1,5915
5,2,2,1,0,1,0,1,1,0,1,13185
3,2,2,2,1,1,1,0,1,0,1,10825
3,1,1,3,1,0,1,0,0,1,0,6085
2,2,1,1,0,1,0,0,1,1,0,7865
5,2,1,1,1,0,1,0,0,1,1,8635
3,1,2,2,1,1,1,0,1,1,0,10235
2,1,1,3,0,1,0,0,0,1,0,6155
2,2,2,1,1,1,1,1,0,0,0,8495
5,2,2,2,0,1,1,1,1,0,0,13065
5,2,1,2,0,0,1,1,1,0,0,10565
3,2,1,2,1,1,0,0,0,0,0,7335
3,2,2,1,0,0,1,1,0,0,0,6935
2,2,2,3,0,0,1,0,1,1,0,7215
2,2,2,1,0,1,0,0,0,0,1,6765
4,1,1,3,0,0,0,0,1,0,0,7605
1,1,1,2,0,1,1,0,1,1,1,7905
3,1,1,1,0,0,1,0,1,1,0,6935
3,2,2,1,1,1,0,1,1,1,0,11455
5,1,2,2,0,0,0,1,0,0,0,8505
5,2,1,3,1,1,0,0,1,1,1,12635
3,2,1,3,1,0,0,1,0,0,0,7105
3,2,2,2,1,1,1,1,0,0,1,10465
2,1,1,1,1,1,1,1,0,0,0,7695
4,1,1,3,0,1,0,0,1,1,0,10045
2,1,1,2,0,0,0,0,0,1,1,4645
2,2,2,2,0,1,0,1,1,0,0,9695
3,2,1,3,0,1,0,1,1,0,0,10435
5,2,2,3,0,0,1,1,1,0,1,12035
2,2,2,1,1,0,0,0,0,0,1,5325
4,2,1,3,0,1,0,1,1,1,1,12605
5,2,2,2,1,0,0,1,0,0,0,9365
4,1,2,1,1,1,0,1,1,0,1,12445
1,1,1,3,1,1,0,0,0,0,0,5275
5,2,1,1,1,0,1,0,0,0,1,8195
4,2,2,2,1,0,0,1,0,0,0,8365
1,1,2,1,0,0,1,1,1,1,1,7695
2,1,2,2,0,1,1,0,1,0,1,8965
1,1,2,2,0,0,1,1,0,0,0,4875
5,2,2,2,0,0,1,0,1,1,1,10705
4,1,1,2,0,1,1,1,1,0,0,11265
1,1,2,3,1,1,1,1,0,0,0,7675
4,1,2,3,0,0,0,1,1,0,0,9635
4,1,2,1,1,0,1,1,0,1,1,9365
5,1,2,2,0,1,0,1,0,1,1,11675
4,2,1,3,0,0,1,1,1,1,0,10245
5,2,2,1,1,0,0,0,1,0,1,10215
5,2,2,2,0,0,1,1,0,1,1,10345
4,1,2,3,0,0,0,1,0,1,0,8185
3,2,1,1,0,0,0,1,1,1,1,9125
5,2,1,2,1,0,0,0,1,0,1,9955
3,1,2,2,1,1,1,1,0,0,0,9435
2,2,2,3,1,0,0,1,1,1,0,8935
1,1,2,3,0,1,0,1,0,0,0,6745
1,1,1,3,0,0,1,1,0,1,1,5785
3,1,2,1,1,1,1,1,0,1,0,9635
5,1,1,3,1,1,1,1,1,0,0,13065
3,1,2,1,0,0,0,1,0,0,1,6995
3,1,2,1,1,1,1,0,1,0,0,9555
5,1,2,3,0,0,0,0,1,0,1,9835
1,2,1,3,1,0,1,0,0,1,1,5115
1,1,2,1,1,0,1,1,1,1,1,8255
1,1,1,3,1,1,1,1,0,0,0,7175
4,2,2,3,1,1,1,1,0,0,1,11705
1,1,1,1,0,1,0,1,0,0,1,6495
3,2,1,2,1,0,0,1,0,0,1,7595
4,1,2,2,1,1,1,0,1,0,1,11525
1,2,1,2,1,1,1,1,1,1,1,10295
3,1,2,2,0,0,0,1,0,0,1,7235
4,2,2,1,0,0,0,1,0,0,0,7565
5,2,1,2,1,0,0,0,0,0,0,7335
5,2,2,1,0,0,0,0,0,1,1,8205
1,2,1,2,1,1,0,0,1,1,0,7665
1,1,1,2,1,1,1,0,1,1,1,8465
3,1,2,1,0,0,1,0,0,0,0,5105
5,2,1,1,1,1,1,0,1,1,1,12525
4,1,1,1,1,0,0,0,1,1,1,8855
4,2,2,2,0,0,1,0,1,0,0,8535
1,2,1,3,1,0,0,0,1,0,0,5465
5,1,2,2,0,1,1,0,1,0,0,11235
3,1,1,1,1,0,0,0,1,1,1,7855
4,2,2,1,1,1,1,1,1,0,0,12385
4,2,2,3,0,0,1,1,1,1,0,10745
3,2,1,2,0,1,0,0,1,0,0,8665
4,1,1,1,1,1,0,0,1,1,1,10855
4,1,2,2,1,1,0,1,0,1,1,11235
5,2,2,2,0,1,1,0,1,0,1,12265
2,2,1,2,0,1,1,1,1,1,0,10005
3,1,2,2,0,0,0,0,0,1,1,6145
2,1,1,3,0,1,0,1,0,0,0,7245
5,1,1,1,0,1,1,0,0,0,1,9335
5,1,2,3,0,1,0,0,1,0,0,11105
4,2,1,1,1,1,0,1,1,0,1,12245
3,1,1,3,0,0,0,1,1,1,0,8575
1,2,1,3,0,0,0,0,1,1,0,5345
1,1,2,1,0,1,0,1,1,0,1,8885
5,2,2,3,0,1,0,1,0,0,1,11775
2,1,2,3,1,0,0,0,1,1,0,7105
3,2,2,2,1,0,0,1,0,0,1,8095
2,1,1,3,1,1,0,1,1,1,1,10865
3,1,1,2,0,0,1,1,1,0,1,8995
1,1,1,2,1,0,1,1,0,0,1,5665
2,2,2,1,1,0,0,1,1,1,0,8455
3,1,2,2,0,1,0,1,1,1,0,10835
2,2,1,2,0,1,1,0,1,0,1,8765
2,2,2,2,0,0,1,0,0,0,1,5375
1,2,2,1,0,0,0,0,0,0,0,3035
3,1,2,2,1,1,0,1,0,0,0,9065
5,1,2,3,1,1,1,1,0,1,0,12115
2,1,2,2,1,1,1,0,1,0,0,8795
3,1,1,1,1,0,0,1,0,1,0,6765
4,1,1,2,1,1,0,0,1,0,1,10655
2,2,1,1,1,1,0,0,0,0,0,6095
1,2,1,1,0,0,0,0,0,1,1,3705
1,1,2,1,1,1,0,1,1,1,1,9885
3,2,2,3,1,0,0,1,1,0,0,9495
2,1,1,2,0,1,1,1,1,1,0,9705
4,1,1,3,1,1,1,1,1,1,0,12505
5,2,1,2,0,1,1,1,0,1,0,11115
4,2,2,1,1,0,1,1,0,0,1,9225
5,1,1,2,1,1,0,1,0,0,0,10565
1,1,2,3,1,1,0,0,0,0,0,5775
2,2,2,1,0,1,1,0,0,0,1,7135
5,1,2,1,1,0,0,0,0,1,0,7735
3,1,2,2,1,1,0,0,1,1,1,10595
5,1,1,3,1,1,1,1,0,1,0,11615
4,1,2,3,1,1,1,0,1,1,1,12205
4,2,1,2,1,0,0,1,0,1,0,8305
5,1,2,2,1,1,0,1,0,1,1,12235
2,1,1,2,0,0,0,1,1,0,0,6895
3,2,2,2,0,1,1,1,0,0,0,9175
4,2,2,2,0,1,1,0,1,1,0,10975
5,1,2,3,0,1,0,0,0,1,0,9655
4,1,1,1,0,0,1,0,0,1,0,6045
1,1,1,2,1,0,0,0,0,1,1,4205
5,1,1,3,1,0,1,0,1,1,0,9975
4,1,2,1,1,1,1,1,1,0,1,12815
2,1,1,1,1,0,0,0,0,0,1,4525
5,2,1,1,0,1,0,0,1,0,1,11155
2,1,2,3,0,0,1,1,0,1,0,6555
2,2,2,3,1,1,0,1,1,1,0,10935
4,2,1,2,0,1,0,1,0,0,0,9305
1,2,1,3,1,0,0,0,0,1,1,4745
3,1,1,2,1,0,0,1,0,1,0,7005
1,1,2,3,0,1,0,0,1,0,1,7835
4,1,2,1,0,0,1,1,1,1,1,10695
1,2,1,1,1,1,0,1,0,0,0,6625
3,1,2,3,1,0,0,1,1,1,0,9635
4,2,2,1,1,1,0,0,1,1,1,11655
4,1,2,1,1,1,0,1,1,0,0,11715
5,2,1,3,0,1,1,0,1,1,0,11715
1,2,1,1,1,0,1,0,0,1,1,4635
3,2,2,3,0,1,1,0,0,1,0,8325
4,1,1,3,1,0,0,0,0,0,1,7005
3,1,2,1,0,0,1,0,0,1,1,6275
5,2,2,1,1,1,1,1,0,1,0,11935
2,1,2,3,1,1,0,1,1,0,0,10195
2,1,1,1,0,1,0,1,1,0,0,8655
3,1,2,3,1,1,0,1,1,0,0,11195
4,1,2,2,0,1,1,0,1,0,0,10235
1,1,1,2,0,1,1,1,1,0,0,8265
1,1,1,1,0,1,1,0,1,0,0,6495
4,2,1,1,1,1,0,1,0,0,0,9625
2,1,1,1,0,1,0,0,1,0,0,7125
4,1,1,3,1,1,1,1,1,1,1,13235
2,2,2,3,1,1,1,0,0,0,1,8175
4,1,2,3,1,1,1,0,1,0,0,11035
1,1,1,3,1,0,0,1,1,0,0,6695
1,2,2,2,0,0,0,0,1,1,1,6335
5,1,1,3,0,0,1,0,1,0,0,8975
3,1,2,1,1,1,1,1,0,1,1,10365
4,2,2,3,1,0,1,0,0,1,1,8615
3,1,2,2,1,1,1,1,1,0,1,12055
3,1,2,1,1,1,0,1,1,1,0,11155
5,1,2,2,0,0,1,0,1,1,1,10405
5,2,1,3,0,0,1,0,0,1,0,7825
2,2,2,3,0,0,1,0,1,0,0,6775
1,2,1,1,0,1,1,1,0,1,1,7605
4,1,1,2,0,1,0,1,1,1,1,12065
3,1,2,2,0,0,1,0,0,0,1,6075
5,1,2,2,1,1,1,0,1,0,0,11795
5,2,2,3,0,1,1,0,0,1,0,10325
5,1,1,1,1,1,0,0,0,0,1,9525
5,2,2,2,0,1,1,0,1,1,0,11975
1,2,2,3,0,1,1,0,0,0,0,5885
1,2,2,2,0,1,1,0,0,0,1,6375
2,2,1,1,0,0,0,0,1,1,1,6595
5,2,1,3,1,0,0,0,0,0,0,7575
3,1,1,3,0,0,0,0,1,1,1,7775
3,2,2,1,1,0,1,0,1,1,1,9025
1,2,1,2,1,0,1,0,0,0,1,4435
4,1,2,2,1,1,0,1,0,0,0,10065
4,2,1,2,1,0,0,1,1,0,0,9755
1,1,1,1,0,1,0,0,1,1,1,7295
2,1,1,1,0,1,0,1,0,1,1,7935
5,2,1,3,0,1,0,0,0,0,0,9015
1,2,1,3,1,0,0,0,0,1,1,4745
1,2,1,2,1,0,1,1,1,0,0,7125
3,2,2,2,0,0,0,1,0,0,0,6805
4,1,2,3,0,0,0,0,1,1,1,9275
3,1,2,1,1,0,1,1,0,1,1,8365
4,1,2,1,0,1,1,1,0,0,0,9635
1,1,1,1,1,0,1,1,1,0,1,7315
1,1,1,3,1,0,0,0,1,1,0,5605
3,1,1,2,0,1,0,1,1,1,1,11065
1,2,1,3,0,1,1,0,0,0,0,5385
3,1,2,1,0,0,0,1,0,1,1,7435
3,2,2,3,0,1,0,0,0,0,1,8245
4,1,2,1,1,0,0,1,1,0,1,10445
4,1,1,2,0,1,1,0,1,1,0,10175
4,1,1,1,0,1,0,1,0,1,1,9935
3,1,2,3,0,1,0,1,1,0,1,11365
3,1,2,3,0,1,1,0,1,1,1,10645
1,1,2,2,1,0,0,1,1,1,1,8125
5,2,2,3,1,1,0,0,1,0,1,12695
1,2,2,2,0,0,1,1,1,1,0,7505
2,1,2,2,1,0,1,0,1,1,1,7965
3,2,2,1,1,1,0,0,0,0,0,7595
5,2,2,1,0,1,0,1,0,1,1,11735
2,1,1,1,1,0,0,0,1,1,1,6855
3,2,1,1,0,0,0,1,0,0,1,6795
1,1,1,1,0,0,0,0,1,0,1,4855
2,2,2,1,1,1,1,1,1,0,0,10385
1,2,2,2,1,0,1,0,1,1,0,6535
1,2,2,1,0,0,0,0,0,0,0,3035
4,2,1,1,1,0,0,0,0,0,1,6825
3,1,2,2,1,1,0,1,1,1,1,12125
2,1,1,3,1,0,0,1,0,1,0,6245
5,1,2,2,0,1,1,1,1,1,0,13205
1,1,1,1,1,1,1,0,0,0,1,5895
2,1,1,1,0,1,0,1,1,0,0,8655
3,1,2,3,1,1,1,1,0,1,1,10845
2,1,2,1,0,0,1,0,0,0,0,4105
2,1,2,1,1,0,0,1,0,1,0,6265
1,1,1,2,0,1,0,1,1,1,1,9065
2,1,2,3,0,1,1,1,1,1,1,11175
4,2,1,3,0,0,0,0,0,1,0,6455
4,2,1,1,1,0,1,1,0,0,0,7995
3,2,2,2,0,0,1,0,0,1,1,6815
1,2,1,2,0,1,0,0,1,0,1,7395
3,1,1,3,0,0,0,0,0,0,0,4715
4,1,2,1,0,1,1,0,0,0,0,8105
1,1,2,1,0,1,1,1,1,0,1,9255
1,1,2,1,1,0,1,0,0,1,0,4105
2,2,2,2,0,1,0,0,1,0,1,8895
2,1,1,1,1,1,1,0,0,1,0,6605
4,1,1,3,1,0,1,1,1,0,0,10065
5,2,2,1,1,1,0,1,1,1,0,13455
4,1,2,3,0,0,0,1,0,1,1,8915
5,2,1,1,0,1,0,0,1,1,1,11595
4,1,1,2,1,1,1,0,1,0,0,10295
5,2,1,2,1,0,1,1,1,0,1,11855
1,2,1,1,1,0,0,0,0,0,0,3095
3,1,2,2,0,0,0,0,0,0,1,5705
5,1,1,2,1,1,0,1,1,0,1,13185
1,1,1,2,1,0,1,1,1,0,1,7555
5,2,1,2,0,0,1,0,1,0,0,9035
2,2,2,3,1,0,1,1,1,0,0,8865
3,1,2,1,0,0,1,0,0,1,0,5545
3,1,1,1,0,1,1,0,1,0,1,9225
4,1,1,2,0,0,0,1,0,1,1,8175
4,2,1,3,1,0,0,1,0,0,1,8835
4,1,1,3,0,0,0,1,1,0,0,9135
5,2,2,3,0,0,1,1,1,1,0,11745
1,2,2,1,0,1,1,0,0,1,1,6575
1,1,1,2,1,1,0,0,1,1,1,8095
4,1,2,3,1,0,1,0,0,1,0,7585
1,2,2,2,0,1,0,1,0,0,0,6805
3,2,2,3,0,1,0,1,0,0,1,9775
1,1,1,3,0,1,1,1,1,1,0,8945
5,1,2,3,1,0,1,1,1,1,1,12735
5,1,1,2,0,0,0,0,0,0,0,6475
2,2,1,1,1,0,0,1,1,1,1,8685
2,2,2,3,0,0,1,0,0,1,1,6055
4,2,2,2,1,0,0,0,0,0,0,6835
5,1,2,1,1,1,1,0,1,0,0,11555
5,2,2,3,1,1,0,0,0,1,0,10515
5,1,2,3,1,0,0,1,0,1,1,10475
4,2,2,2,1,1,1,1,0,0,0,10735
1,2,2,3,0,1,0,0,1,0,1,8135
3,1,2,3,1,1,0,1,0,0,0,9305
4,2,2,2,1,0,0,1,1,1,1,11425
4,2,2,2,0,1,0,1,0,0,1,10535
2,1,2,3,0,0,1,1,1,1,1,9175
2,2,2,2,0,0,1,0,0,1,0,5085
5,1,2,3,1,0,0,1,1,0,1,11925
1,1,1,3,1,1,0,0,1,1,1,8335
3,1,1,1,0,0,1,0,1,0,0,6495
2,2,1,2,1,0,0,1,0,1,0,6305
4,2,2,2,1,0,1,0,0,0,0,7205
3,1,2,2,0,1,1,1,1,1,0,11205
4,2,1,3,1,1,0,0,0,0,1,9305
1,2,2,2,0,0,0,0,0,1,1,4445
2,2,1,2,0,0,1,1,1,1,0,8005
1,2,1,1,1,0,1,0,1,0,0,5355
2,2,1,2,1,1,0,0,0,1,0,6775
3,1,1,1,0,1,0,0,0,1,1,7405
2,2,1,3,1,0,0,1,1,0,1,8725
1,1,1,1,0,1,0,1,0,0,1,6495
2,1,1,3,1,0,1,0,1,1,1,7705
3,2,2,3,1,0,1,0,1,1,0,8775
5,2,2,2,1,1,1,0,1,1,1,13265
3,1,2,1,0,1,1,1,0,1,1,9805
2,1,2,1,1,0,1,1,0,1,1,7365
4,1,1,2,0,1,0,1,0,0,1,9735
4,1,2,1,1,1,1,0,0,0,0,8665
1,2,2,2,0,1,0,0,1,1,0,7605
1,2,2,2,0,0,1,0,0,0,1,4375
5,1,2,1,0,1,0,0,1,1,1,11795
4,1,1,3,1,1,1,0,0,1,0,9085
3,1,1,3,0,1,1,0,0,0,1,7815
1,1,1,2,1,0,1,0,0,0,0,3405
5,2,1,2,0,1,0,1,0,1,0,10745
3,2,2,3,0,0,0,0,0,0,0,5515
1,2,1,2,1,1,0,1,1,0,0,8755
4,2,2,2,0,0,1,1,1,0,0,10065
2,2,2,3,0,1,1,0,1,1,1,9945
1,2,2,2,0,1,1,1,1,1,0,9505
1,1,2,2,0,0,0,1,1,0,0,6395
1,1,2,1,1,0,0,1,0,1,1,5995
2,2,1,2,1,0,0,1,0,0,0,5865
2,2,1,1,1,0,0,0,1,0,0,5985
5,1,2,2,1,0,0,1,1,1,1,12125
5,1,2,2,1,1,1,0,0,1,1,11075
5,1,2,1,0,0,0,0,1,0,1,9355
5,1,2,2,1,1,0,1,1,0,0,12955
5,2,2,3,1,1,1,0,0,1,0,10885
3,1,1,3,1,0,1,0,1,0,1,8265
2,2,1,3,1,1,0,1,0,0,1,8835
2,1,1,1,0,0,1,0,0,0,1,4335
4,2,2,3,1,1,0,0,0,0,0,9075
3,2,2,2,0,0,0,0,0,1,0,5715
4,1,2,2,0,1,1,1,0,1,1,11045
2,1,2,3,0,1,1,0,0,1,1,7755
1,2,1,3,0,0,1,1,0,1,1,6085
1,2,1,1,0,0,0,1,0,1,1,5235
1,1,1,2,0,1,1,0,0,1,1,6015
2,1,1,2,1,0,0,1,0,1,1,6735
4,2,1,2,0,0,0,1,1,1,1,10365
2,2,2,2,0,1,0,0,1,0,0,8165
3,1,2,1,1,1,0,1,1,1,1,11885
4,1,1,3,0,0,1,1,1,1,1,10675
3,1,2,3,0,0,0,0,0,1,1,6385
5,1,2,3,0,1,0,1,1,0,1,13365
5,2,2,1,1,0,1,0,0,0,0,7965
2,2,1,2,0,1,1,0,0,1,0,6585
2,1,1,3,1,1,0,1,0,1,1,8975
5,1,2,1,0,0,0,0,1,0,0,8625
3,2,2,3,1,1,0,0,0,1,0,8515
1,1,2,1,0,0,1,0,1,0,1,5725
4,2,1,1,1,1,1,0,0,0,1,9195
3,2,2,3,0,0,0,0,0,1,0,5955
5,2,2,3,1,1,0,0,1,1,0,12405
4,2,1,2,1,1,1,0,0,0,1,9435
3,2,1,1,0,0,1,0,0,1,0,5345
1,1,1,1,1,1,0,0,1,0,1,7415
2,1,1,2,0,1,1,1,1,1,1,10435
1,1,1,1,1,1,1,1,1,0,1,9315
5,2,1,3,0,0,1,0,1,0,1,10005
4,1,2,1,1,0,1,1,1,0,0,10085
2,2,2,2,1,1,0,0,0,1,1,8005
2,1,2,3,1,1,0,1,1,1,1,11365
5,1,2,2,1,0,1,1,0,1,0,9875
3,2,1,1,1,1,1,0,1,1,0,9795
1,1,1,2,1,1,1,1,1,0,1,9555
3,2,1,1,0,0,1,0,0,0,0,4905
3,1,1,3,0,1,0,1,1,1,1,11305
5,1,2,1,1,0,0,1,0,0,0,8825
2,2,1,3,1,1,1,0,1,1,0,9275
4,1,1,1,0,1,0,0,1,0,1,9855
5,1,2,3,1,0,1,0,1,1,1,11205
1,1,2,1,0,1,0,0,1,1,0,7065
3,1,1,1,0,1,1,0,0,1,1,7775
3,2,1,2,0,0,0,0,0,1,1,5945
1,1,1,2,1,0,0,0,0,1,1,4205
5,2,1,3,0,1,1,0,0,0,0,9385
5,2,2,2,1,1,0,1,1,1,1,14425
1,2,2,3,1,0,0,1,0,1,1,6775
2,1,2,1,0,1,0,1,0,1,1,8435
2,2,1,1,1,0,0,1,0,1,1,6795
5,2,2,3,1,1,1,0,1,0,1,13065
4,2,1,3,0,1,0,1,1,0,1,12165
1,1,1,2,1,0,1,1,1,1,1,7995
3,2,2,1,1,0,1,1,1,1,0,9825
4,1,2,3,0,0,1,0,1,0,0,8475
2,1,2,2,1,0,0,0,1,1,0,6865
5,2,1,3,1,0,1,1,0,1,0,9915
5,2,2,2,0,1,1,0,0,0,0,9645
3,2,1,3,1,1,1,0,1,0,1,10565
4,1,2,2,1,1,1,1,0,0,1,11165
3,2,2,2,1,0,1,1,1,1,1,10795
2,2,2,2,1,0,0,1,0,0,0,6365
4,2,2,2,1,0,0,1,1,1,0,10695
5,2,2,3,0,0,1,1,1,0,0,11305
1,2,1,3,0,0,0,1,0,0,0,4545
4,2,2,1,1,0,0,0,1,0,0,8485
1,2,1,2,1,0,0,1,0,0,0,4865
1,2,2,1,1,0,0,0,1,1,0,5925
1,2,2,2,1,0,0,0,0,1,0,4275
4,2,2,2,1,1,1,1,1,0,0,12625
1,2,2,1,0,0,1,1,0,1,0,5375
5,1,1,3,0,0,1,0,1,0,0,8975
1,1,1,2,1,0,0,1,0,1,0,5005
2,2,1,1,0,1,1,0,1,1,1,8965
5,2,1,2,1,1,1,1,0,0,0,11235
3,1,2,3,0,1,1,1,0,0,1,9845
2,1,2,1,1,0,1,0,1,0,1,7285
2,1,2,3,0,0,0,0,1,0,1,6835
1,1,2,2,1,1,0,1,0,0,1,7795
4,1,1,1,1,1,1,0,1,1,0,10495
2,1,2,1,0,1,0,1,0,1,0,7705
5,1,1,3,1,1,0,0,1,0,0,11165
4,2,2,1,0,1,0,1,0,1,0,10005
4,2,2,1,1,0,0,1,0,1,1,9295
2,1,2,3,0,1,0,0,0,0,1,6945
5,2,2,2,1,1,0,0,0,0,0,9835
4,1,1,3,0,0,1,0,1,1,0,8415
2,1,1,3,0,0,1,1,1,0,0,7505
4,2,2,1,1,1,0,0,1,0,0,10485
4,2,2,3,0,1,0,1,1,1,0,12375
2,1,2,3,0,0,0,0,1,1,1,7275
1,2,2,1,0,1,1,0,1,0,1,8025
4,2,2,2,0,1,1,0,1,1,1,11705
2,2,1,1,1,0,1,0,0,1,0,4905
5,2,2,3,1,0,1,0,1,1,1,11505
1,1,2,1,1,0,1,1,0,1,1,6365
2,2,1,3,0,0,0,0,0,0,0,4015
1,2,1,1,0,0,0,0,1,0,1,5155
5,1,2,2,1,1,0,0,1,1,1,12595
2,2,1,2,0,0,0,1,0,0,0,5305
4,2,1,2,1,0,0,1,0,0,0,7865
3,2,1,1,0,1,1,1,0,0,0,8435
2,2,1,3,1,0,0,0,1,0,1,7195
2,1,1,1,0,0,1,0,1,0,1,6225
3,1,2,2,0,1,0,1,1,0,1,11125
3,1,1,2,1,1,1,0,1,1,1,10465
5,1,2,3,1,0,0,0,0,1,0,8215
5,2,1,1,0,0,0,1,1,1,0,10395
2,1,2,2,1,1,1,0,1,0,1,9525
3,1,1,3,1,0,0,1,0,1,1,7975
2,2,2,1,1,0,0,1,1,1,0,8455
3,1,1,1,0,1,1,1,0,1,0,8575
3,1,1,1,0,0,0,0,0,0,1,4965
1,2,1,3,0,0,1,0,0,0,0,3385
2,1,2,2,0,1,0,1,1,1,1,10565
3,1,1,2,0,0,0,0,0,1,1,5645
2,2,1,2,0,1,1,1,0,1,1,8845
1,1,1,3,1,1,1,1,1,1,1,10235
5,2,1,1,0,0,0,0,1,1,0,8865
1,1,2,1,0,1,0,0,1,1,0,7065
5,2,1,1,0,0,1,0,0,1,1,8075
4,2,1,2,1,1,1,1,1,0,0,12125
5,2,2,3,1,1,0,1,1,0,1,14225
5,1,2,2,0,1,0,0,1,1,1,12035
1,2,2,1,1,0,1,1,0,1,1,6665
4,1,2,3,0,0,0,0,1,0,0,8105
5,2,2,3,0,1,1,0,0,1,0,10325
4,2,1,3,0,0,1,1,0,0,1,8645
3,1,1,1,1,1,0,0,0,0,0,6795
5,1,1,1,1,0,1,0,1,1,0,9495
1,2,1,3,0,0,1,0,1,1,1,6445
4,1,2,1,0,1,0,1,0,1,1,10435
5,1,1,1,0,0,1,1,1,1,1,11195
4,1,2,2,1,1,0,0,1,1,1,11595
1,2,1,1,0,1,1,0,1,0,0,6795
5,2,1,1,1,0,0,1,1,1,1,11685
5,2,1,1,0,1,0,1,1,1,1,13125
3,1,2,2,1,0,1,0,1,1,1,8965
4,2,1,1,1,1,0,1,1,0,0,11515
2,1,1,1,1,1,1,1,1,0,1,10315
1,2,2,3,0,1,0,0,0,0,0,5515
2,2,2,1,1,1,0,0,1,1,0,8925
5,2,1,3,1,0,0,0,1,1,0,9905
5,2,2,3,0,0,1,1,0,1,1,10585
3,2,1,1,1,0,0,0,0,1,0,5535
5,2,2,1,1,0,0,0,0,0,1,8325
2,1,2,2,1,1,1,1,0,0,1,9165
1,2,1,2,1,1,0,0,1,1,1,8395
1,1,2,2,0,1,1,0,0,1,0,5785
1,1,1,2,0,1,1,1,0,1,1,7545
1,1,1,3,1,0,1,1,1,1,0,7505
3,1,1,2,0,1,0,1,1,0,1,10625
5,2,1,1,1,0,0,0,1,0,0,8985
4,1,2,3,1,0,0,1,0,1,0,8745
2,1,1,1,0,0,1,1,0,1,0,5575
3,1,2,2,1,1,1,1,0,1,0,9875
2,2,2,2,0,0,1,0,0,1,1,5815
5,1,2,2,0,0,1,1,1,1,0,11205
3,1,1,2,0,1,0,0,0,1,0,6915
4,1,2,3,1,1,0,0,0,0,0,8775
5,1,2,2,1,1,1,0,1,1,0,12235
5,2,2,2,0,0,1,1,1,0,1,11795
3,1,1,3,1,0,0,0,1,0,0,7165
1,1,2,2,0,1,1,0,1,0,0,7235
2,2,1,3,1,0,1,0,0,1,0,5385
4,1,1,3,0,0,1,0,0,0,1,6815
1,1,2,2,0,1,1,0,1,1,1,8405
5,1,1,2,0,0,1,0,1,1,1,9905
2,2,1,1,0,0,1,1,1,0,0,7325
4,2,2,1,1,1,1,0,1,1,0,11295
4,1,2,3,0,0,0,1,0,0,0,7745
5,1,2,1,0,1,0,0,0,0,0,8735
2,1,2,2,0,0,1,1,0,0,1,6605
4,1,1,2,1,1,0,0,0,0,1,8765
1,1,2,2,0,1,1,1,1,0,0,8765
3,2,1,1,0,1,0,0,0,0,0,6535
3,1,1,3,0,1,1,1,1,0,1,11235
4,1,2,3,1,1,1,0,0,0,0,9145
2,2,1,2,1,1,0,0,1,0,0,8225
1,1,1,1,0,1,1,1,0,1,1,7305
5,1,2,1,1,1,1,1,1,0,1,13815
2,1,2,1,0,1,1,1,0,0,1,8365
3,1,2,1,1,1,0,1,1,1,1,11885
2,2,1,2,0,1,1,1,0,1,0,8115
1,2,1,3,1,1,1,0,0,1,0,6385
3,1,1,1,1,1,1,1,0,1,1,9865
5,1,2,2,0,0,1,0,1,1,1,10405
1,1,1,3,1,0,0,1,1,0,0,6695
3,2,2,1,0,0,1,1,0,0,0,6935
4,2,2,2,0,0,1,1,1,0,0,10065
1,1,1,1,0,0,0,0,0,0,0,2235
5,2,1,3,1,0,1,0,0,1,0,8385
2,1,1,3,1,0,1,1,1,1,0,8505
3,2,1,2,0,1,1,0,1,1,0,9475
2,1,2,2,0,0,0,1,1,0,0,7395
3,2,2,2,1,0,1,0,0,0,1,6935
4,2,2,3,0,1,1,0,1,0,1,11505
5,2,2,2,0,1,0,1,1,1,1,13865
2,2,2,3,1,1,1,1,0,0,0,8975
4,1,2,3,1,0,1,1,0,1,1,9845
2,1,1,1,0,1,1,1,0,1,1,8305
3,1,1,1,0,1,0,0,0,0,0,6235
5,1,1,1,1,0,1,1,0,0,0,8695
2,1,1,3,0,0,0,1,1,0,1,7865
5,1,1,1,0,1,1,0,0,1,1,9775
1,1,2,1,1,0,0,1,1,0,1,7445
2,1,2,1,1,1,0,1,0,1,0,8265
1,1,2,2,1,0,1,1,0,0,1,6165
3,2,2,2,1,0,1,0,1,0,1,8825
2,1,1,1,1,1,1,1,1,1,0,10025
3,1,1,3,0,0,1,1,0,0,0,6615
1,1,2,2,1,0,0,1,0,1,0,5505
5,2,1,2,0,1,1,0,0,0,0,9145
3,2,2,3,1,1,1,0,0,1,0,8885
5,2,2,2,1,0,0,0,0,0,0,7835
3,1,1,1,1,0,1,0,0,1,0,5605
5,2,2,2,0,1,1,1,1,1,1,14235
5,1,1,1,0,0,1,1,1,0,0,10025
5,2,1,3,1,1,1,1,1,1,1,14535
3,1,1,1,1,1,0,1,0,0,1,9055
1,1,2,2,1,1,0,1,0,0,1,7795
4,2,2,3,1,1,1,0,0,0,0,9445
2,1,2,2,1,1,1,1,1,1,0,10765
5,2,2,3,0,1,0,1,1,1,0,13375
3,2,2,1,1,1,1,0,1,0,0,9855
3,2,1,2,1,0,0,1,1,1,1,9925
1,1,2,1,1,1,0,1,1,1,1,9885
2,1,2,2,1,0,1,1,0,0,0,6435
4,2,2,1,1,1,0,1,1,0,1,12745
3,1,1,3,1,0,0,0,1,1,1,8335
5,1,1,3,0,1,0,0,0,1,1,9885
5,1,2,2,0,0,0,0,0,0,0,6975
1,2,2,1,0,0,1,1,0,1,0,5375
3,1,1,1,1,1,1,1,0,0,0,8695
3,2,1,2,0,1,0,1,0,0,0,8305
1,1,1,3,0,1,0,0,0,1,0,5155
3,1,1,3,1,1,0,1,0,0,1,9535
1,1,2,1,1,0,1,0,0,0,1,4395
4,2,2,1,1,1,1,1,0,0,0,10495
1,2,1,2,0,1,0,0,0,1,0,5215
4,1,1,1,1,1,0,0,1,1,1,10855
3,1,1,1,0,1,1,0,1,1,1,9665
3,1,1,2,0,0,0,1,0,1,1,7175
4,1,1,1,0,0,1,0,0,0,1,6335
1,1,1,3,1,0,1,1,0,1,0,5615
5,1,1,1,1,1,1,0,0,0,0,9165
3,2,1,3,1,0,1,1,1,0,0,9365
1,2,1,2,0,0,1,0,0,1,1,4315
4,1,2,1,1,1,0,1,0,1,0,10265
3,2,1,3,1,1,0,0,1,0,0,9465
2,1,2,1,0,1,1,1,1,0,0,9525
1,2,1,2,0,0,0,0,1,0,0,4665
5,2,2,3,0,1,0,0,1,1,1,12575
2,1,1,3,1,1,0,0,0,0,0,6275
3,2,1,1,0,0,1,1,1,0,1,9055
4,2,1,2,0,0,0,1,0,0,1,8035
2,2,2,1,1,1,1,0,1,1,0,9295
4,2,1,3,1,0,0,0,0,0,1,7305
3,1,1,1,1,1,1,1,0,0,1,9425
1,1,1,1,1,0,0,1,0,1,0,4765
4,1,1,2,1,0,1,1,0,1,0,8375
1,2,1,3,1,0,0,1,1,1,0,7435
2,2,1,1,0,1,1,1,1,0,0,9325
2,1,2,3,0,0,1,0,1,1,1,7645
1,1,2,3,1,0,1,0,1,1,0,6475
5,1,1,2,1,1,0,1,0,0,0,10565
3,2,2,1,1,1,1,0,0,0,0,7965
3,1,2,1,1,0,0,1,1,1,0,9155
2,2,1,3,1,0,1,1,1,0,1,9095
4,1,1,3,1,0,0,0,1,1,0,8605
1,2,2,2,0,1,0,0,1,0,1,7895
1,2,1,3,1,0,0,0,1,0,1,6195
5,2,1,2,0,0,1,0,0,0,1,7875
3,1,1,1,1,1,1,1,0,0,1,9425
5,1,1,1,0,0,0,1,0,1,1,8935
4,2,1,1,1,0,0,0,0,1,1,7265
2,2,1,1,1,0,1,1,0,0,0,5995
4,2,1,1,0,0,0,1,1,0,0,8955
5,1,1,3,1,1,1,1,0,0,1,11905
3,2,2,3,1,1,0,1,0,1,1,10775
4,2,2,3,0,1,0,1,0,1,1,11215
5,2,1,2,0,0,0,0,0,0,0,6775
2,1,1,2,1,0,1,0,0,1,0,4845
4,2,2,2,0,0,1,1,0,0,1,8905
5,2,1,3,1,1,1,1,0,1,1,12645
2,1,1,1,0,1,1,1,1,0,1,9755
5,1,1,2,1,0,0,1,1,0,1,11185
4,2,1,2,0,0,0,1,1,1,0,9635
1,2,2,2,0,0,1,0,0,0,0,3645
3,1,2,3,1,0,1,0,0,1,1,7315
2,2,2,3,0,0,1,0,1,0,1,7505
5,2,1,3,0,0,1,1,1,0,0,10805
3,1,1,3,0,1,0,0,1,0,0,8605
3,1,1,1,1,0,0,0,0,0,0,4795
1,2,2,2,1,1,1,0,0,1,1,7375
5,1,2,3,0,0,0,1,0,0,1,9475
1,2,1,3,0,1,0,1,1,0,1,9165
3,2,1,3,0,0,0,1,1,0,0,8435
5,1,1,1,0,0,1,1,0,1,0,8575
4,1,1,1,1,0,0,1,1,0,1,9945
3,1,1,3,0,0,1,0,0,1,1,6255
3,2,2,2,0,0,0,0,1,0,1,7895
2,2,1,2,0,1,0,1,1,0,1,9925
2,2,2,1,1,1,1,0,1,1,1,10025
3,1,1,1,1,1,1,1,1,0,1,11315
4,2,2,1,0,1,0,1,1,1,1,12625
1,1,1,1,0,1,1,0,1,0,0,6495
1,1,1,2,1,0,0,1,0,0,0,4565
4,1,1,2,0,1,0,1,1,0,1,11625
2,2,2,3,1,0,1,1,0,1,0,7415
1,1,2,1,0,0,0,0,1,1,1,5795
2,2,2,3,0,1,0,0,0,0,0,6515
1,1,2,3,0,1,0,0,1,1,0,7545
2,1,2,1,0,1,0,1,0,0,0,7265
2,1,2,2,1,1,1,1,1,1,1,11495
3,2,1,2,1,1,1,1,0,0,1,9965
1,1,2,2,1,1,1,1,0,0,1,8165
1,1,2,3,0,0,0,1,1,0,0,6635
5,2,2,1,1,0,1,1,1,1,0,11825
1,1,2,3,0,1,1,1,0,0,1,7845
4,2,1,2,0,1,0,0,1,0,0,9665
5,2,1,1,1,0,0,1,1,1,0,10955
5,1,1,3,0,1,0,0,1,1,0,11045
4,1,2,1,1,1,0,0,0,0,1,9025
2,2,1,1,0,0,0,0,0,1,0,3975
3,1,1,1,1,1,1,0,1,1,1,10225
1,1,2,2,0,0,1,1,0,1,0,5315
2,2,1,3,0,0,1,1,0,0,1,6645
2,2,1,2,0,0,1,0,0,0,1,4875
1,1,1,2,1,1,0,0,1,1,1,8095
3,2,2,1,1,1,0,0,0,1,0,8035
1,2,1,3,1,1,1,1,0,1,0,7915
1,2,1,1,0,0,1,0,0,0,1,3635
5,1,2,1,0,1,0,0,1,0,1,11355
5,2,2,2,1,0,0,0,1,0,1,10455
1,1,2,1,0,1,0,1,0,0,0,6265
1,1,1,3,0,0,0,0,0,1,1,3885
5,1,1,3,0,0,0,1,1,1,1,11305
5,1,2,1,0,1,0,0,1,1,0,11065
4,2,1,2,0,1,1,1,0,0,0,9675
2,2,2,1,0,0,1,1,0,0,0,5935
1,1,1,3,1,1,1,0,1,1,0,7975
5,2,1,2,0,1,1,1,0,0,0,10675
4,1,2,1,1,1,1,1,0,1,1,11365
2,1,2,1,0,1,0,1,1,1,0,9595
3,2,1,3,1,1,1,1,0,0,1,10205
2,2,1,3,1,0,0,0,0,0,0,4575
2,2,1,3,1,0,0,0,0,1,1,5745
2,2,2,1,1,1,1,1,0,0,1,9225
4,1,1,3,0,1,1,0,1,0,0,9975
5,2,1,2,0,1,1,0,0,0,1,9875
4,2,2,1,1,1,1,1,0,0,0,10495
2,1,2,1,1,0,0,0,0,0,1,5025
2,1,1,1,0,0,1,1,1,0,1,7755
1,1,2,2,0,0,1,0,1,1,1,6405
4,2,2,3,1,0,1,1,0,1,0,9415
4,2,2,3,1,1,0,0,1,0,1,11695
5,2,1,2,1,0,1,0,0,0,1,8435
1,1,1,2,0,1,1,1,1,0,0,8265
1,2,2,1,0,0,0,1,1,1,0,6895
4,2,1,3,0,1,1,1,1,1,1,12975
4,1,1,1,0,1,1,0,1,0,1,10225
1,1,2,1,1,0,1,0,0,0,0,3665
2,2,2,2,0,1,0,1,1,0,0,9695
1,1,2,3,1,0,1,0,0,0,1,4875
3,1,2,1,1,1,0,0,0,0,0,7295
3,2,1,2,0,0,1,0,0,1,0,5585
2,2,1,1,1,1,0,0,1,0,0,7985
5,1,2,2,1,0,0,0,1,1,0,9865
2,2,2,1,0,1,1,1,0,0,1,8665
2,1,1,2,0,0,0,0,1,1,0,5805
5,2,2,1,0,0,0,0,1,0,0,8925
4,2,2,1,0,1,0,1,1,1,0,11895
1,1,2,2,0,1,1,0,0,1,1,6515
3,2,2,3,0,0,1,0,0,1,1,7055
1,2,2,1,1,0,1,0,1,0,1,6585
1,1,2,3,1,0,0,1,1,1,1,8365
4,1,2,1,0,0,1,0,0,0,1,6835
3,1,2,3,0,1,0,1,0,0,1,9475
5,1,1,3,0,1,0,0,0,0,0,8715
5,1,2,2,1,0,1,0,0,1,0,8345
4,2,2,1,0,1,1,0,1,1,1,11465
5,2,1,3,1,0,1,0,0,0,0,7945
5,1,1,1,1,0,0,1,1,1,1,11385
4,1,1,1,1,1,1,1,1,1,1,12755
4,2,2,2,1,1,1,0,1,0,1,11825
5,2,1,3,0,0,1,0,0,0,0,7385
3,2,2,3,1,0,1,1,1,1,1,11035
2,2,1,1,0,0,0,0,0,1,0,3975
2,2,2,1,1,1,1,1,0,1,0,8935
1,1,2,2,0,1,1,0,0,1,0,5785
3,2,2,2,1,1,0,1,1,1,0,11695
4,2,1,2,1,0,0,1,0,0,0,7865
3,2,1,2,1,1,0,0,1,1,0,9665
5,1,2,2,0,1,0,0,1,1,1,12035
2,2,2,1,0,0,0,1,0,0,0,5565
3,1,1,1,0,1,1,1,1,1,1,11195
2,2,2,1,0,0,1,1,1,0,1,8555
4,1,1,1,0,1,1,1,1,1,0,11465
4,1,1,2,0,1,0,1,0,1,1,10175
5,2,2,2,0,0,1,0,0,0,0,7645
5,2,1,2,0,1,0,1,1,0,1,12925
2,1,1,1,1,0,1,1,0,0,1,6425
5,1,2,3,1,1,1,1,0,0,0,11675
1,1,1,3,1,1,1,0,1,1,1,8705
4,1,2,3,0,0,0,1,1,0,1,10365
4,1,2,1,0,0,1,1,1,0,1,10255
5,2,1,3,1,0,0,1,1,0,0,10995
3,2,2,2,0,1,0,0,0,1,0,7715
1,1,1,2,1,1,0,1,0,0,0,6565
4,2,2,2,1,1,1,1,0,1,0,11175
1,1,1,2,0,1,1,1,0,0,1,7105
4,1,1,3,0,1,0,0,0,0,0,7715
2,1,2,3,1,0,0,1,1,0,1,8925
4,2,2,2,0,0,1,1,1,1,1,11235
1,2,2,1,0,0,1,0,1,1,1,6465
2,1,1,1,0,0,0,0,0,1,0,3675
5,2,2,2,0,1,1,1,1,0,1,13795
5,2,1,1,1,1,0,0,0,1,1,10265
2,1,2,2,1,1,1,0,0,1,1,8075
4,1,2,2,0,0,0,0,1,0,1,8595
3,2,1,3,0,0,1,0,1,0,1,8005
2,1,2,3,0,1,0,0,1,0,0,8105
3,1,2,1,0,1,1,0,0,0,1,7835
5,2,2,2,0,1,0,0,0,0,0,9275
5,2,1,2,1,0,1,0,1,1,0,10035
4,1,1,3,1,0,1,0,0,0,0,6645
3,2,2,3,1,0,1,0,1,0,0,8335
1,2,2,2,0,1,1,0,1,0,0,7535
3,1,2,1,1,1,0,0,1,0,1,9915
3,2,2,1,1,1,0,1,1,1,0,11455
5,1,1,3,0,1,1,0,0,1,1,10255
2,2,2,1,1,0,1,0,1,1,0,7295
3,1,2,2,1,0,1,0,1,0,1,8525
5,2,2,3,1,0,0,1,0,1,1,10775
5,1,1,3,1,1,1,1,0,1,1,12345
2,2,2,2,0,0,1,0,0,1,0,5085
3,1,2,3,0,0,0,0,0,1,1,6385
3,2,1,2,1,1,1,0,0,0,1,8435
1,1,1,3,0,1,1,1,1,0,1,9235
1,1,1,2,0,0,1,0,1,1,1,5905
3,2,2,1,1,0,0,1,0,0,0,7125
2,1,1,3,1,1,0,0,1,1,1,9335
1,1,2,3,0,0,0,0,1,0,0,5105
2,1,1,2,1,0,0,0,1,0,0,5925
2,2,2,2,0,0,1,1,1,0,1,8795
5,1,2,3,0,0,1,1,1,1,1,12175
2,2,1,2,0,0,0,1,0,1,0,5745
2,2,1,3,0,0,1,0,1,0,1,7005
3,2,1,2,0,0,0,0,0,0,1,5505
4,2,1,3,1,1,1,1,1,1,1,13535
2,1,2,1,1,1,0,0,0,1,1,7465
5,2,2,2,1,1,1,1,0,0,1,12465
2,2,1,3,1,1,0,0,0,0,0,6575
1,1,2,1,0,1,1,1,0,0,1,7365
3,1,1,2,1,1,1,0,0,1,0,7845
2,1,2,1,0,0,0,0,0,1,1,4905
1,2,1,2,0,0,1,1,0,1,0,5115
5,2,2,1,1,1,1,0,0,1,0,10405
1,2,2,3,1,0,0,0,1,1,1,7135
5,2,2,1,1,1,0,1,1,1,0,13455
5,1,1,3,0,1,1,0,0,0,1,9815
2,1,2,3,1,0,1,0,1,1,0,7475
5,2,2,1,0,1,0,0,0,1,0,9475
2,1,1,1,1,0,1,0,0,0,1,4895
3,2,1,3,0,0,1,1,0,0,1,7645
2,2,2,3,1,1,1,1,1,0,1,11595
2,1,2,2,1,1,1,0,0,1,1,8075
2,1,1,2,0,0,1,0,1,1,0,6175
1,2,2,3,1,0,0,0,0,0,0,4075
3,2,1,3,1,0,0,0,0,1,0,6015
5,2,2,2,1,1,0,1,1,1,1,14425
4,2,2,3,0,1,1,1,0,1,0,10855
5,2,2,1,0,1,1,1,0,0,0,10935
5,2,2,3,1,1,0,1,0,0,1,12335
1,2,1,1,1,0,1,0,0,0,0,3465
3,1,1,2,1,0,0,0,1,0,1,7655
1,1,2,2,1,1,1,1,1,0,0,9325
4,2,1,3,0,1,0,1,0,0,1,10275
2,2,2,2,1,0,0,0,1,1,1,7895
2,2,2,1,0,1,0,0,0,0,0,6035
3,1,2,2,1,1,0,1,1,1,0,11395
3,1,2,2,0,0,0,0,1,0,0,6865
3,1,1,1,1,1,1,1,1,1,0,11025
1,2,2,3,0,1,1,0,1,1,1,8945
2,1,1,1,0,0,1,0,1,1,0,5935
1,1,2,1,1,1,0,0,1,0,1,7915
3,2,2,1,0,0,1,0,0,0,1,6135
2,2,2,2,1,0,1,0,1,1,1,8265
3,1,1,2,1,0,1,0,0,1,0,5845
5,2,2,1,0,1,0,0,1,1,1,12095
4,1,1,1,0,1,1,0,0,0,1,8335
2,1,2,1,0,1,0,1,0,0,0,7265
3,2,1,1,1,1,0,1,1,0,1,11245
5,2,2,1,1,1,1,1,0,1,1,12665
3,2,1,1,0,1,0,1,0,0,0,8065
3,1,2,2,0,1,1,1,0,1,0,9315
3,1,1,2,0,0,0,0,0,1,1,5645
3,2,2,3,1,0,0,0,1,0,0,7965
1,1,2,2,1,1,1,1,0,0,1,8165
2,2,1,1,1,0,1,0,1,0,0,6355
1,2,2,3,0,1,1,1,0,0,1,8145
3,1,2,2,1,1,0,0,1,0,0,9425
3,2,1,3,0,1,0,0,1,1,0,9345
3,1,1,3,0,1,0,0,0,1,1,7885
3,2,1,1,1,0,0,0,0,1,1,6265
3,1,2,1,1,0,1,1,0,0,0,7195
5,2,2,1,1,1,0,1,1,1,0,13455
5,2,1,3,1,0,1,1,1,1,0,11805
2,2,2,3,0,1,1,1,1,1,0,10745
3,2,2,3,1,0,1,0,1,1,0,8775
3,1,2,2,0,0,0,0,1,1,1,8035
5,1,2,2,0,0,1,1,1,1,1,11935
1,1,2,3,0,1,1,1,0,1,0,7555
1,2,2,3,1,0,0,1,1,1,1,8665
1,2,1,2,0,0,0,0,1,0,0,4665
1,1,1,1,1,1,0,0,0,1,1,5965
1,1,2,3,0,1,1,1,1,0,0,9005
4,2,2,2,1,0,0,0,1,0,0,8725
1,2,2,1,1,0,1,1,1,1,1,8555
3,2,1,2,1,1,1,1,1,1,1,12295
4,1,2,3,1,0,0,0,1,1,1,9835
5,2,1,3,0,1,1,1,0,0,0,10915
1,2,1,3,1,1,0,0,0,0,0,5575
1,2,2,2,0,0,1,0,0,0,0,3645
2,1,2,1,0,1,0,1,0,1,1,8435
3,2,1,2,1,1,0,0,1,0,1,9955
3,1,2,3,0,0,0,1,0,0,1,7475
3,1,2,3,1,0,1,1,1,1,0,10005
2,2,2,1,1,0,0,0,1,1,1,7655
3,1,1,1,0,0,1,0,0,0,1,5335
4,2,1,2,0,0,0,0,1,0,0,7665
4,1,2,2,1,0,1,1,1,0,0,10325
1,1,1,1,1,1,0,0,0,0,1,5525
4,1,2,1,0,1,0,1,0,0,1,9995
1,1,2,1,0,0,1,0,0,1,1,4275
1,1,1,1,0,0,0,0,0,1,0,2675
3,1,1,3,0,1,0,1,0,1,0,8685
5,2,2,1,0,0,1,1,1,1,1,11995
3,1,2,3,1,1,0,1,0,1,0,9745
1,2,2,2,1,1,1,0,0,1,1,7375
2,2,2,2,1,0,0,0,0,1,1,6005
3,1,1,1,0,0,0,0,1,0,1,6855
3,1,1,1,1,1,0,0,1,0,1,9415
1,2,2,2,1,0,0,0,1,0,0,5725
1,2,2,2,1,1,0,0,0,1,0,6275
2,1,2,2,1,0,0,0,1,0,1,7155
1,2,2,1,1,0,0,0,1,1,1,6655
3,2,1,3,1,0,1,1,1,0,0,9365
2,1,1,3,0,0,0,0,0,0,0,3715
2,2,2,1,1,0,0,1,1,1,1,9185
4,2,2,2,1,0,1,0,0,1,0,7645
5,2,1,3,0,0,1,1,1,1,1,11975
2,1,1,2,0,1,1,0,1,1,1,8905
1,1,2,1,0,1,1,0,1,1,0,7435
3,1,1,3,0,0,0,1,1,0,0,8135
3,2,2,3,1,0,0,1,1,0,1,10225
3,2,2,2,0,0,0,0,1,1,1,8335
4,2,2,2,1,1,0,1,0,1,0,10805
3,1,2,1,1,0,0,1,1,1,1,9885
4,1,2,1,0,1,1,0,0,1,1,9275
4,2,2,2,1,0,0,1,0,1,0,8805
4,2,1,1,0,1,1,1,0,1,0,9875
2,2,2,1,1,0,0,1,1,0,0,8015
5,2,1,3,1,1,0,0,0,1,1,10745
3,1,2,3,1,0,0,1,0,1,1,8475
1,1,1,1,0,1,1,1,0,0,1,6865
4,1,1,1,1,1,0,0,0,0,1,8525
3,1,2,2,0,0,1,0,0,0,1,6075
5,1,1,2,1,0,1,0,1,0,0,9295
3,1,1,1,0,1,0,0,0,1,1,7405
4,1,1,3,0,0,1,0,1,1,0,8415
4,2,2,1,1,1,1,1,1,1,1,13555
3,1,1,3,1,1,1,1,0,1,1,10345
5,1,1,1,1,0,1,0,0,0,1,7895
1,1,1,3,1,0,1,1,0,0,0,5175
1,2,1,1,0,0,0,1,1,1,1,7125
1,2,2,3,1,0,1,0,0,1,1,5615
2,2,2,3,0,1,0,1,1,0,1,10665
2,2,1,2,1,0,1,0,0,0,1,5435
4,1,1,2,1,0,1,1,1,0,1,10555
5,2,1,3,1,0,1,1,0,1,0,9915
3,1,2,3,1,0,1,0,1,0,1,8765
2,1,2,2,0,0,1,1,0,0,0,5875
5,2,2,2,0,1,0,1,1,0,1,13425
3,2,1,2,1,1,1,0,1,0,1,10325
5,1,1,2,1,0,0,0,1,1,0,9365
3,2,1,1,1,0,0,1,1,1,1,9685
4,2,1,2,1,1,1,0,0,1,0,9145
5,2,2,1,0,1,1,1,1,1,0,13265
2,2,1,2,1,0,1,1,1,0,0,8125
1,1,2,3,1,0,0,0,0,1,0,4215
5,2,2,3,1,0,1,1,0,1,1,11145
2,1,1,3,1,0,1,0,0,0,0,4645
4,1,1,3,0,0,0,0,0,0,1,6445
4,1,2,3,0,0,0,1,1,1,0,10075
2,2,1,2,1,0,1,0,1,0,0,6595
4,2,1,1,0,0,0,0,0,0,1,6265
3,2,2,3,0,0,0,0,1,1,1,8575
1,2,1,3,1,0,0,1,0,0,1,5835
2,1,2,2,1,0,0,1,1,0,0,7955
3,1,1,3,0,1,1,0,0,1,0,7525
3,2,2,2,1,1,0,0,1,1,0,10165
5,1,2,3,0,1,1,1,0,1,0,11555
4,1,2,3,1,1,0,1,0,1,1,11475
5,2,1,2,1,0,1,0,0,0,1,8435
3,2,2,3,0,1,1,1,0,1,1,10585
4,2,1,2,0,0,0,1,0,1,0,7745
5,1,2,3,1,0,0,0,0,0,0,7775
4,2,1,3,1,1,1,0,1,0,0,10835
2,1,1,2,1,1,0,1,0,1,0,8005
5,1,2,2,0,1,0,0,0,1,0,9415
4,2,2,3,0,1,1,0,1,0,0,10775
5,2,2,1,0,0,0,1,1,1,0,10895
3,1,1,1,1,0,1,1,0,0,1,7425
1,1,1,1,1,1,1,0,1,0,1,7785
3,2,1,3,1,1,1,0,1,0,1,10565
2,1,2,2,0,1,0,0,1,1,0,8305
1,2,2,1,0,0,0,0,1,0,1,5655
3,2,1,3,0,0,1,1,0,1,1,8085
3,2,2,3,1,0,1,1,1,0,0,9865
3,2,2,1,1,0,1,0,1,0,0,7855
2,1,2,3,0,0,0,0,0,1,0,4655
5,2,1,2,1,0,0,1,1,1,1,11925
3,1,2,2,0,1,0,0,0,0,1,7705
2,2,1,1,1,0,0,1,0,0,1,6355
2,1,1,2,0,0,1,1,0,1,1,6545
1,1,2,1,0,0,0,1,0,0,1,4995
2,1,2,2,0,1,0,0,0,0,0,5975
3,2,2,3,1,0,1,0,1,1,0,8775
3,2,2,1,0,0,1,1,0,1,0,7375
3,2,2,3,1,0,0,1,1,0,1,10225
3,1,1,1,0,1,0,0,1,0,1,8855
2,2,2,2,0,0,0,0,1,0,0,6165
1,2,1,1,0,1,1,0,1,1,0,7235
5,1,2,1,1,0,0,1,1,1,1,11885
4,2,2,1,0,1,1,1,0,0,0,9935
1,1,2,3,1,0,1,1,0,1,0,6115
2,2,2,2,1,1,0,1,1,0,0,10255
1,1,1,2,0,1,0,0,1,1,0,6805
4,2,1,2,1,1,0,0,1,0,0,10225
4,2,2,3,0,1,0,1,1,0,1,12665
3,2,1,2,0,1,0,1,1,0,1,10925
1,2,2,3,1,1,0,1,1,1,1,10665
2,1,2,1,1,0,0,0,0,0,0,4295
1,2,2,3,0,1,1,1,1,1,1,10475
3,1,2,2,1,0,1,0,0,1,0,6345
2,1,1,2,1,0,0,1,0,1,0,6005
4,2,1,2,0,1,1,1,1,0,1,12295
5,1,1,3,0,0,1,1,0,0,1,9345
5,1,2,3,0,0,0,1,0,1,0,9185
2,1,1,2,1,1,0,1,1,1,0,9895
5,1,2,1,0,1,0,1,0,0,1,10995
1,1,1,3,1,0,0,0,1,0,1,5895
1,1,2,3,1,0,0,0,0,1,0,4215
3,2,1,2,0,0,1,0,0,0,1,5875
3,1,1,3,1,0,1,0,0,0,0,5645
4,2,2,1,0,0,0,0,1,0,0,7925
3,2,1,2,0,1,1,1,0,0,1,9405
2,1,2,2,0,1,0,1,0,1,1,8675
4,2,1,3,1,0,0,1,0,1,0,8545
4,1,1,2,1,1,0,1,0,0,0,9565
4,2,2,2,0,1,1,0,0,0,1,9375
3,1,2,3,1,0,1,0,1,0,1,8765
2,2,2,1,1,0,0,0,1,0,1,7215
4,1,2,2,0,0,0,1,1,1,1,10565
1,1,2,1,1,1,0,1,1,1,0,9155
5,2,2,3,1,1,1,0,0,0,1,11175
4,2,1,2,0,1,1,0,1,0,1,10765
5,2,2,3,1,1,1,1,1,0,1,14595
5,1,2,3,1,0,0,0,0,0,1,8505
5,1,2,2,1,1,1,0,0,1,1,11075
2,2,1,2,0,1,0,1,0,1,1,8475
1,2,1,1,0,1,1,0,1,1,1,7965
4,1,2,3,1,0,0,0,0,0,0,6775
2,1,1,2,0,0,1,0,0,0,1,4575
2,2,2,1,1,0,0,1,1,1,1,9185
3,1,2,1,1,1,1,1,0,0,0,9195
2,1,1,3,0,0,0,1,0,0,1,5975
1,1,1,1,0,0,0,0,0,1,1,3405
3,2,1,2,0,1,1,0,0,1,1,8315
2,2,1,2,1,1,0,1,0,0,0,7865
4,1,2,3,0,0,0,1,1,1,0,10075
3,1,1,2,0,1,1,1,0,1,0,8815
5,1,1,2,0,0,1,0,0,1,0,7285
1,2,1,3,1,0,0,1,0,0,1,5835
5,2,1,3,1,0,1,1,1,1,0,11805
1,1,1,2,1,1,0,0,1,1,0,7365
2,1,1,2,1,1,0,1,1,1,1,10625
5,1,1,3,1,1,0,0,1,1,0,11605
2,2,2,2,1,0,1,1,0,1,0,7175
5,2,2,2,1,1,0,0,1,0,1,12455
1,2,2,1,0,0,1,1,0,1,0,5375
1,1,2,1,1,0,0,1,0,1,1,5995
1,1,2,2,0,0,1,0,0,1,0,3785
5,2,2,1,0,1,1,0,1,1,1,12465
2,2,2,1,0,1,0,1,0,0,1,8295
2,2,2,2,1,1,0,0,0,1,0,7275
2,2,1,1,1,0,1,0,1,0,0,6355
4,2,1,3,1,0,1,0,1,1,1,10005
3,1,1,1,0,1,1,1,1,0,1,10755
2,1,1,1,0,0,0,0,0,0,0,3235
1,2,1,2,0,1,0,1,1,1,1,9365
3,2,1,3,1,0,0,1,0,0,0,7105
4,1,1,3,0,1,1,0,1,1,1,11145
2,2,2,2,1,1,1,1,1,1,1,11795
5,1,1,3,0,0,0,0,1,1,0,9045
1,1,2,2,1,0,1,0,0,0,1,4635
4,1,2,1,1,1,1,1,0,1,1,11365
2,2,1,1,1,1,1,0,0,1,1,7635
4,1,1,3,0,0,1,0,0,1,1,7255
2,2,2,2,1,1,0,1,1,0,0,10255
1,2,2,3,1,0,1,1,1,0,0,7865
1,1,2,2,0,0,0,1,1,1,0,6835
3,2,2,2,1,1,1,1,1,0,0,11625
1,1,2,2,0,0,0,1,0,1,1,5675
2,2,1,1,1,0,0,1,0,1,1,6795
3,1,1,3,0,1,1,1,1,0,1,11235
4,1,1,1,0,0,0,1,1,0,1,9385
1,1,1,3,1,0,0,1,1,0,0,6695
4,1,2,3,0,1,0,1,0,1,0,10185
2,2,2,3,1,0,1,1,1,0,1,9595
2,2,2,3,0,1,1,0,1,0,1,9505
5,2,2,3,0,0,0,1,0,0,1,9775
4,2,1,2,0,0,0,1,1,0,0,9195
5,1,1,1,0,1,1,1,0,0,1,10865
1,1,2,3,0,0,1,1,0,0,0,5115
1,2,1,3,1,1,1,1,1,1,1,10535
4,2,2,3,0,0,1,0,0,0,0,6885
2,2,2,1,0,0,0,0,0,1,1,5205
4,2,1,2,1,1,0,0,0,1,1,9505
5,1,2,1,0,0,0,0,1,1,0,9065
4,2,2,3,1,1,1,1,0,0,1,11705
4,1,1,2,0,0,0,1,1,1,1,10065
1,2,1,2,1,0,0,0,0,1,0,3775
4,2,2,3,0,0,1,1,1,0,0,10305
4,2,1,2,1,0,1,1,1,0,0,10125
1,1,2,1,1,1,1,1,0,1,0,7635
2,1,2,3,1,1,0,0,0,0,0,6775
2,1,1,2,0,0,1,0,1,0,1,6465
3,1,2,3,1,0,1,1,0,0,0,7675
1,1,2,3,1,1,0,1,1,1,1,10365
2,2,2,1,1,0,1,0,0,0,1,5695
4,1,1,2,1,1,1,0,0,1,1,9575
5,1,1,1,0,1,0,0,1,1,1,11295
5,2,1,1,0,1,0,1,1,0,0,11955
5,1,1,2,0,0,1,1,1,1,0,10705
2,1,1,1,1,1,1,0,1,0,0,8055
2,2,1,3,0,0,0,0,1,0,0,5905
4,2,2,2,0,1,1,0,0,0,1,9375
5,1,2,2,1,1,1,0,1,1,0,12235
3,1,1,2,1,0,1,1,1,0,0,8825
2,2,2,2,0,1,0,0,1,0,1,8895
3,1,2,2,0,0,0,1,0,0,0,6505
5,1,2,3,0,0,1,1,0,1,0,9555
5,1,1,1,1,0,0,1,1,0,0,10215
5,2,2,3,1,1,1,0,1,0,0,12335
1,1,2,1,0,1,0,1,1,1,1,9325
4,2,1,3,0,1,1,0,0,0,1,9115
3,2,1,3,0,1,0,1,0,0,1,9275
1,1,2,1,1,1,1,0,0,1,1,6835
1,2,1,1,0,1,0,1,1,0,0,7955
1,1,1,3,0,0,1,0,0,0,1,3815
2,1,2,3,0,0,1,0,1,0,1,7205
2,1,2,1,1,0,0,0,0,1,1,5465
5,1,1,3,1,0,0,0,1,0,0,9165
4,1,2,3,0,1,0,1,1,0,0,11635
2,2,2,3,1,0,1,0,1,1,1,8505
2,2,2,2,1,0,0,1,1,0,1,8985
5,1,2,1,0,0,0,0,0,1,1,7905
5,1,1,3,1,0,1,1,0,1,0,9615
2,2,2,3,0,0,0,0,0,0,0,4515
4,2,1,2,0,1,0,1,0,1,1,10475
4,2,2,2,0,0,0,1,1,0,0,9695
5,1,2,2,0,1,1,0,0,0,0,9345
4,1,2,2,1,0,1,1,1,0,1,11055
1,1,1,3,1,0,0,1,0,1,1,5975
4,2,2,3,1,0,0,0,1,1,0,9405
5,2,1,3,1,1,1,0,1,0,1,12565
5,1,1,3,0,0,0,0,0,1,1,7885
4,1,1,1,1,0,0,0,0,0,1,6525
5,1,1,1,1,1,1,1,1,1,1,13755
5,1,1,3,0,0,0,1,0,0,1,8975
3,1,2,2,0,0,0,1,0,1,1,7675
2,1,1,1,0,0,0,0,0,0,1,3965
2,2,2,3,0,0,0,1,1,0,1,8665
4,2,1,1,0,0,0,1,1,1,0,9395
3,1,2,2,0,0,0,1,0,1,0,6945
3,1,2,1,1,1,0,1,0,1,1,9995
3,2,1,3,0,1,1,1,1,0,0,10805
1,2,2,3,0,1,1,1,1,0,0,9305
5,2,1,2,1,0,0,1,0,1,1,10035
2,1,2,1,1,0,1,0,1,0,1,7285
4,2,1,1,1,0,1,1,1,0,0,9885
2,1,1,2,0,1,1,1,0,1,1,8545
2,1,1,3,1,1,1,1,1,1,0,10505
1,1,1,3,0,1,1,1,1,0,1,9235
1,1,2,3,0,0,1,1,0,1,0,5555
1,1,1,2,0,1,0,1,1,0,1,8625
5,2,2,1,1,1,0,1,0,1,0,11565
1,1,1,3,0,1,1,0,1,1,0,7415
2,1,1,3,1,0,0,0,0,1,1,5445
2,1,2,2,1,1,0,1,1,1,1,11125
1,2,1,1,1,0,0,0,1,1,1,6155
4,2,1,3,0,1,1,1,0,0,0,9915
4,1,1,3,0,0,1,1,1,1,0,9945
4,1,1,2,0,0,0,0,0,1,1,6645
4,1,2,1,1,0,0,1,1,0,1,10445
4,2,1,3,0,0,1,1,1,1,0,10245
1,1,2,3,0,0,1,0,1,0,0,5475
5,1,2,1,1,0,1,1,0,0,0,9195
1,1,2,3,0,1,0,1,0,0,1,7475
2,1,1,1,1,0,0,1,1,1,1,8385
1,1,1,2,1,0,1,0,0,0,1,4135
3,1,1,1,0,0,0,0,1,1,1,7295
1,1,1,2,0,1,0,0,1,1,1,7535
5,1,1,3,0,0,1,1,0,0,0,8615
3,2,2,1,1,0,0,1,0,0,0,7125
4,1,2,2,1,0,1,0,0,1,0,7345
4,2,1,1,1,1,0,1,0,1,1,10795
3,1,1,1,0,0,0,0,0,0,0,4235
2,1,2,3,1,1,1,1,0,0,0,8675
5,1,2,1,1,0,0,0,0,0,0,7295
2,2,1,2,1,0,0,0,1,1,0,6665
2,1,1,3,1,0,1,1,1,0,1,8795
2,2,2,1,0,0,1,1,1,1,0,8265
4,2,2,3,1,0,0,1,0,1,1,9775
3,1,2,3,1,1,0,0,1,0,1,10395
5,2,1,2,1,0,1,1,1,1,1,12295
2,1,1,2,1,1,1,1,1,0,1,10555
3,1,1,2,0,0,0,0,0,1,0,4915
2,1,1,3,0,0,0,1,1,0,1,7865
2,1,2,3,1,1,1,1,1,1,1,11735
2,1,1,2,1,0,1,0,1,1,0,6735
1,2,1,1,0,0,1,1,0,1,0,4875
5,1,1,1,1,0,0,1,1,0,1,10945
3,1,2,1,0,0,0,1,1,0,0,8155
2,2,1,1,1,1,1,1,0,0,0,7995
5,1,1,3,1,0,1,0,0,0,0,7645
2,1,2,2,0,0,0,1,1,1,1,8565
1,1,1,1,0,0,0,0,1,0,1,4855
5,1,1,2,1,1,1,0,0,1,0,9845
4,2,1,3,1,0,0,0,0,1,0,7015
4,1,2,1,0,1,0,0,1,1,0,10065
3,1,1,2,0,0,1,1,0,1,0,6815
2,2,2,2,1,1,1,1,1,1,0,11065
1,1,2,2,1,0,1,1,1,1,1,8495
4,1,1,1,0,0,1,0,1,0,1,8225
2,2,1,3,1,0,0,1,0,0,0,6105
3,1,2,1,1,0,0,1,0,0,0,6825
1,1,1,2,1,0,0,0,1,0,0,4925
1,2,1,1,0,1,1,1,1,1,1,9495
3,2,2,3,0,0,1,0,0,0,1,6615
3,2,2,2,0,1,0,0,1,1,1,10335
2,2,1,3,0,1,1,0,0,0,0,6385
2,1,1,3,1,1,0,0,1,1,1,9335
5,2,1,3,1,1,1,0,0,0,0,9945
4,1,2,3,1,0,0,1,0,1,0,8745
1,1,2,2,1,1,1,1,0,0,1,8165
1,2,1,3,1,0,1,0,1,1,0,6275
1,2,2,3,1,0,1,0,0,1,1,5615
5,2,1,1,1,1,1,1,1,0,1,13615
5,2,2,1,0,0,1,1,0,0,1,9665
3,2,2,2,1,1,1,1,1,0,0,11625
2,2,1,3,1,1,0,0,0,0,0,6575
2,2,2,3,1,0,1,1,1,1,0,9305
4,2,2,2,1,0,0,0,0,1,1,8005
1,2,2,2,0,0,0,1,1,1,0,7135
2,1,2,2,0,1,0,1,1,0,1,10125
5,2,2,2,0,0,1,0,1,1,1,10705
5,2,2,2,1,0,0,1,1,1,0,11695
2,2,1,1,1,1,1,1,1,0,0,9885
3,2,2,1,0,0,0,1,0,1,1,7735
3,1,2,1,0,0,1,1,0,0,0,6635
2,1,1,1,1,0,1,0,1,1,0,6495
5,2,2,2,0,0,1,0,1,1,0,9975
1,2,2,3,0,0,0,0,0,1,0,3955
4,1,1,1,0,1,0,0,1,1,1,10295
4,2,1,3,1,0,1,0,1,0,0,8835
4,2,2,3,1,1,0,1,1,1,1,13665
5,1,2,2,0,0,1,0,1,0,0,9235
5,1,2,3,0,1,1,1,1,0,1,13735
5,1,2,3,1,1,0,1,1,0,1,13925
3,1,1,1,0,1,1,1,1,0,1,10755
2,2,1,1,1,0,1,1,1,1,0,8325
2,2,1,2,1,0,0,0,0,0,0,4335
2,2,1,2,1,1,0,1,0,1,0,8305
1,1,2,1,1,0,0,0,0,0,1,4025
1,2,1,1,0,0,1,1,1,0,1,7055
5,2,2,2,1,0,0,0,1,0,0,9725
2,2,2,1,1,0,1,0,0,1,1,6135
5,1,1,3,1,1,0,0,1,0,0,11165
5,1,2,1,1,0,0,1,0,1,1,9995
3,2,1,2,1,1,1,0,1,0,1,10325
3,1,1,2,1,0,1,0,0,0,0,5405
3,1,1,3,1,1,1,1,1,0,0,11065
5,1,1,3,1,1,1,0,0,1,1,10815
2,1,2,3,0,0,0,0,1,1,1,7275
2,1,2,1,1,0,0,1,0,0,0,5825
4,2,1,2,0,1,0,1,0,0,1,10035
4,2,2,2,0,1,1,0,1,0,1,11265
2,1,2,2,1,0,0,1,0,1,0,6505
2,2,2,3,1,0,0,0,1,0,1,7695
5,1,2,3,0,0,1,1,1,0,1,11735
5,1,1,1,0,0,1,0,0,0,0,6605
5,1,2,1,1,0,0,1,1,1,1,11885
1,2,1,3,0,0,0,0,0,0,0,3015
3,1,1,3,1,1,0,0,0,0,0,7275
2,2,1,1,0,0,1,1,0,1,1,6605
5,2,2,1,0,0,0,0,0,1,0,7475
2,2,1,2,0,0,0,1,0,1,1,6475
4,2,1,1,0,0,1,0,1,1,0,8235
1,1,2,1,0,0,1,1,0,1,1,5805
2,1,2,3,0,1,1,0,1,1,0,8915
3,1,2,3,0,0,0,1,0,1,1,7915
2,1,2,1,1,1,0,1,0,0,0,7825
3,2,2,1,1,1,0,0,0,1,1,8765
5,1,2,2,1,1,0,0,1,0,0,11425
3,1,1,2,1,0,1,1,0,1,1,8105
5,2,2,2,1,0,0,0,0,0,0,7835
4,1,1,3,1,0,0,1,1,1,0,10135
4,1,1,3,1,1,1,0,0,0,1,9375
3,1,1,3,0,1,0,0,0,0,1,7445
2,2,2,1,1,1,1,1,1,0,1,11115
3,2,1,2,0,0,0,0,1,1,0,7105
2,2,1,1,0,0,1,1,0,1,0,5875
5,1,2,2,0,1,0,1,1,1,0,12835
4,1,2,3,0,0,0,1,1,0,0,9635
5,1,1,3,1,1,0,1,1,0,1,13425
2,1,2,1,1,1,1,0,1,1,1,9725
1,1,2,2,0,1,1,0,0,0,0,5345
4,1,2,1,1,1,0,1,1,0,0,11715
3,1,2,1,1,0,0,0,1,1,0,7625
4,1,2,3,1,0,0,0,1,0,0,8665
2,2,1,1,1,0,1,0,0,1,0,4905
3,1,2,2,1,1,1,0,1,1,1,10965
2,2,1,2,0,0,1,0,0,1,1,5315
1,2,2,1,0,0,1,1,0,0,1,5665
2,1,1,3,1,0,0,1,0,0,1,6535
4,2,2,1,0,0,0,0,1,0,0,7925
1,2,1,1,0,0,0,1,1,1,0,6395
4,2,2,1,1,0,0,1,1,0,1,10745
5,1,1,2,0,0,1,0,1,1,0,9175
4,1,2,2,0,0,0,0,0,1,1,7145
5,1,1,1,1,0,0,1,1,0,1,10945
5,1,1,3,1,0,1,1,1,0,1,11795
5,2,2,2,0,1,1,0,0,1,0,10085
5,2,2,1,1,0,1,0,1,1,1,11025
3,1,1,2,0,1,1,0,0,1,0,7285
5,1,2,2,1,1,0,1,1,0,0,12955
4,1,1,2,1,1,1,0,0,0,0,8405
4,2,2,3,0,0,0,1,0,1,0,8485
3,1,2,1,0,0,0,0,1,1,0,7065
3,1,2,2,1,0,1,0,0,1,1,7075
4,2,1,3,1,0,0,1,1,1,0,10435
1,2,1,3,1,1,0,0,1,0,0,7465
5,2,1,2,1,0,0,0,0,0,1,8065
1,2,1,1,0,0,1,0,1,1,1,5965
3,1,2,2,0,1,0,0,1,1,0,9305
3,1,1,1,0,0,0,1,0,1,1,6935
4,2,1,2,1,0,0,1,1,0,1,10485
3,1,2,2,0,0,1,0,0,0,1,6075
5,2,2,1,0,1,0,1,0,0,0,10565
2,2,1,2,0,0,1,1,0,0,1,6405
4,2,2,2,1,0,0,0,1,0,0,8725
2,1,1,2,1,1,0,0,0,0,0,6035
5,1,1,1,1,0,1,1,1,0,0,10585
2,2,1,2,0,1,1,1,0,0,0,7675
2,1,1,3,1,1,1,1,1,1,1,11235
1,2,1,2,0,0,1,0,1,1,1,6205
4,1,1,2,1,0,0,0,0,1,0,6475
1,1,2,2,1,0,0,1,0,1,1,6235
1,2,2,3,0,1,0,1,1,1,1,10105
5,2,1,2,0,0,0,0,1,1,0,9105
4,1,1,2,0,1,0,0,1,1,0,9805
1,2,1,2,0,1,0,0,1,1,1,7835
4,1,2,1,0,0,0,0,0,0,1,6465
2,1,1,3,1,0,0,0,1,0,0,6165
4,1,2,2,1,1,1,1,1,1,1,13495
2,1,1,3,0,0,0,0,0,1,1,4885
2,2,1,1,0,0,0,0,1,1,1,6595
4,1,2,2,1,1,0,0,1,0,0,10425
1,2,2,1,0,1,1,0,0,1,0,5845
5,1,1,2,0,1,1,0,0,0,0,8845
5,1,2,1,1,1,0,1,1,1,1,13885
5,2,1,3,1,1,0,1,1,0,1,13725
5,2,2,1,1,1,0,0,0,0,0,9595
3,2,1,3,0,1,1,1,0,0,0,8915
4,1,1,3,0,1,1,1,1,0,1,12235
4,2,1,3,1,0,1,1,0,1,1,9645
5,2,2,1,1,0,0,1,0,1,0,9565
5,2,2,3,1,0,0,0,0,1,1,9245
2,1,2,3,0,0,1,0,0,0,1,5315
2,1,1,1,0,1,0,0,0,0,1,5965
3,1,2,3,0,0,0,1,1,0,1,9365
4,2,1,1,1,1,1,1,1,0,0,11885
2,1,2,1,1,0,1,0,0,0,1,5395
5,1,2,1,1,0,1,0,1,0,0,9555
1,1,2,3,0,0,1,1,1,0,0,7005
2,1,1,2,1,0,0,1,1,1,1,8625
4,2,2,2,0,1,0,1,0,1,1,10975
4,2,2,3,0,1,1,0,1,1,1,11945
5,2,2,3,1,0,0,1,0,1,1,10775
4,2,1,1,0,1,0,0,1,1,1,10595
2,2,1,1,0,0,0,1,0,1,1,6235
3,2,2,3,0,0,1,1,1,0,1,10035
5,2,1,1,1,0,0,0,0,1,0,7535
5,1,1,2,1,0,0,0,1,0,1,9655
5,1,2,1,0,1,1,1,1,1,1,13695
1,2,2,1,1,1,1,0,1,0,1,8585
5,1,2,2,1,1,1,0,1,0,1,12525
5,1,2,1,0,1,0,1,1,0,0,12155
1,2,2,2,1,1,1,1,1,0,0,9625
5,2,2,2,1,0,1,0,1,1,1,11265
1,2,2,3,0,0,1,1,0,1,1,6585
4,1,1,1,1,0,1,1,0,0,1,8425
5,2,1,2,1,0,0,0,1,0,1,9955
1,2,2,1,1,1,1,0,0,0,0,5965
4,2,1,3,1,1,1,1,1,1,1,13535
1,2,2,1,0,1,0,0,0,0,1,5765
5,2,1,2,0,0,1,1,0,1,1,9845
1,2,1,3,1,1,0,0,0,1,0,6015
1,1,1,3,1,0,1,1,0,0,0,5175
3,1,2,2,0,0,0,0,0,1,0,5415
4,2,2,1,0,0,0,0,0,1,0,6475
3,2,1,3,0,0,1,1,0,0,0,6915
5,1,2,3,1,0,0,0,0,0,0,7775
5,1,1,3,0,1,0,0,0,0,0,8715
2,2,2,2,1,0,0,0,1,0,1,7455
3,2,1,1,0,1,1,1,0,1,1,9605
1,2,1,3,0,0,1,0,0,1,1,4555
4,1,2,2,0,0,1,0,1,0,0,8235
4,1,1,2,1,1,0,1,0,1,0,10005
3,2,2,3,1,0,1,0,1,0,0,8335
4,1,1,3,0,0,1,0,1,0,0,7975
4,1,2,3,1,0,0,0,0,0,0,6775
3,1,1,3,1,0,1,0,0,1,0,6085
5,2,1,2,0,1,0,0,1,1,0,11105
5,2,2,1,1,1,1,1,0,1,0,11935
2,2,2,2,1,1,1,0,0,0,0,7205
2,1,2,1,0,1,0,0,1,1,0,8065
3,2,2,3,0,0,0,0,1,1,0,7845
4,2,2,2,0,0,1,0,0,0,1,7375
1,1,2,1,0,0,1,0,0,1,1,4275
3,1,1,2,1,1,1,0,1,0,0,9295
2,1,1,3,1,1,0,1,1,0,0,9695
3,1,1,3,1,1,1,0,0,1,1,8815
2,2,1,3,0,0,1,1,0,1,0,6355
3,1,2,1,1,0,0,1,0,0,1,7555
4,2,2,2,0,0,1,1,1,0,0,10065
3,1,2,1,0,1,0,0,0,0,0,6735
4,1,2,2,1,1,0,0,1,1,1,11595
3,1,1,3,0,1,1,1,1,0,0,10505
1,2,2,2,1,0,1,1,0,0,0,5735
2,1,2,3,0,0,0,1,0,1,0,6185
4,1,2,2,0,0,1,0,1,1,1,9405
3,1,1,2,1,0,1,1,1,1,0,9265
2,1,2,1,1,0,0,0,1,1,0,6625
2,1,1,1,1,1,1,1,0,1,0,8135
2,1,1,3,0,1,0,0,0,1,1,6885
2,2,1,3,1,1,1,1,0,0,1,9205
3,1,1,2,0,0,0,0,1,0,1,7095
1,2,1,3,1,0,1,1,1,1,1,8535
3,1,2,1,0,0,0,0,1,0,0,6625
5,1,1,3,1,0,1,1,1,1,1,12235
3,1,2,1,0,0,1,1,1,0,0,8525
5,2,1,3,1,1,1,1,0,1,1,12645
2,1,2,2,0,0,0,0,0,1,0,4415
2,1,1,2,0,1,0,1,0,1,0,7445
4,1,2,2,1,0,0,1,0,1,1,9235
3,1,1,3,0,0,1,0,0,1,0,5525
1,1,1,2,1,0,1,1,1,0,0,6825
2,1,2,1,0,0,0,1,1,1,0,7595
2,2,2,1,1,0,0,0,0,1,0,5035
1,1,2,2,0,0,1,0,0,0,0,3345
3,1,1,2,0,1,1,1,0,1,0,8815
2,2,2,2,0,1,1,1,1,0,1,10795
2,1,2,3,1,1,1,0,1,0,1,9765
3,1,1,1,1,0,1,0,0,0,1,5895
1,1,1,3,1,1,0,0,0,0,0,5275
4,2,1,2,1,1,0,0,1,1,0,10665
3,1,2,2,1,1,0,0,0,0,1,8265
2,1,2,1,0,0,1,0,1,0,0,5995
5,1,2,3,1,1,1,1,0,0,1,12405
3,1,1,1,0,0,0,1,0,1,1,6935
1,2,1,1,1,0,1,1,0,1,0,5435
3,2,2,2,0,0,0,1,1,1,1,9865
1,2,2,1,1,1,1,1,1,1,1,10555
3,1,2,1,1,0,1,0,1,1,0,7995
5,1,1,2,0,1,0,0,1,1,1,11535
2,1,1,1,0,1,0,0,0,0,0,5235
1,2,1,1,1,1,1,1,1,1,0,9325
5,2,1,1,0,1,0,1,0,0,1,10795
2,1,2,3,1,0,0,1,0,0,0,6305
3,2,1,1,1,0,0,1,1,0,0,8515
2,1,2,3,0,0,0,1,1,1,0,8075
3,1,1,1,1,1,1,1,1,0,0,10585
1,1,1,3,1,1,1,0,0,0,0,5645
1,1,1,1,1,0,0,0,1,1,0,5125
3,2,1,2,1,0,1,0,1,0,0,7595
4,2,2,2,0,1,0,1,0,0,0,9805
4,1,2,2,1,0,0,0,0,1,1,7705
4,2,2,2,0,0,0,1,0,1,0,8245
5,1,2,2,0,1,0,1,1,0,1,13125
4,1,1,3,0,0,0,0,1,1,1,8775
3,1,1,1,0,1,0,1,1,1,1,10825
5,1,2,2,1,0,1,0,0,0,0,7905
1,2,2,2,1,0,1,1,1,1,0,8065
5,2,1,3,0,0,1,1,1,0,0,10805
5,2,2,1,1,1,0,0,0,1,1,10765
4,2,2,1,1,1,1,1,1,0,1,13115
1,1,2,1,1,0,1,1,0,0,1,5925
3,2,1,3,0,1,1,1,1,0,1,11535
3,1,2,2,1,0,1,1,0,0,1,8165
4,2,1,1,1,1,1,1,0,0,1,10725
2,2,1,1,0,1,1,0,0,0,1,6635
1,2,2,2,1,0,0,0,1,0,1,6455
5,2,2,1,0,1,0,1,0,0,1,11295
2,2,2,2,0,0,1,1,0,0,1,6905
2,2,2,1,1,0,1,1,0,0,0,6495
4,1,2,3,0,1,1,0,0,0,1,9315
3,2,2,3,0,1,1,1,1,0,1,12035
2,1,2,1,0,1,1,0,0,1,1,7275
5,2,1,2,0,0,0,0,0,1,0,7215
1,1,2,3,1,1,0,1,0,1,1,8475
1,2,2,3,1,0,0,0,0,1,0,4515
5,1,1,3,0,1,0,1,0,1,1,11415
3,2,2,1,0,0,1,1,1,1,0,9265
2,2,1,1,1,0,1,0,1,0,0,6355
1,2,1,2,0,1,1,0,1,0,0,7035
5,2,2,1,0,1,0,1,0,1,1,11735
2,1,1,2,0,1,1,0,1,1,0,8175
1,2,1,3,0,0,1,1,0,1,0,5355
2,2,1,3,0,0,1,1,1,0,0,7805
1,1,1,2,0,0,1,1,1,0,0,6265
5,2,1,3,0,0,0,1,1,0,1,11165
3,1,2,2,0,0,0,0,0,1,1,6145
1,1,1,3,0,0,1,0,1,0,0,4975
3,2,2,3,0,1,0,0,1,0,0,9405
2,2,2,1,1,1,0,1,0,0,1,8855
4,1,1,1,1,0,1,1,0,0,0,7695
5,2,2,2,1,1,1,0,0,0,1,10935
2,1,1,3,0,0,1,0,0,0,1,4815
4,1,1,1,0,1,0,0,1,0,1,9855
1,1,2,1,1,0,0,1,0,0,0,4825
1,1,2,3,0,1,1,0,0,1,1,6755
2,2,1,2,0,0,1,1,1,0,0,7565
4,1,1,2,1,1,1,0,0,0,1,9135
4,2,1,1,0,0,0,1,1,0,0,8955
